"Submit_ID","Brand_Reg","Model_No","Family Name","SoldIn","Country","screensize","Screen_Area","Screen_Tech","Pasv_stnd_power","Act_stnd_power","Act_stnd_time","Avg_mode_power","Star","SRI","Labelled energy consumption (kWh/year)","SubmitStatus","ExpDate","GrandDate","Product Class","Availability Status","Star2","Star Rating Index","Star Image Large","Star Image Small","Power supply","Tuner Type","What test standard was used","Registration Number","Regulatory Standard","screensize_inch"
136860,"EKO","K70USW","N/A","Australia","China",176.566,13118.7698,"LCD (LED)","0.32","0.4","4.0",139.54,"N/A","N/A",572,"Approved","2026-04-15","N/A","Single product class","Unavailable",4.5,"4.646994909492895","https://reg.energyrating.gov.au/static/common/images/star_ratings_2014/EnergyStarRating_4.5_Star.eps","https://reg.energyrating.gov.au/static/common/images/star_ratings_2014/Star-rating-4.5.png","Internal","Analogue/Digital","AS/NZS 62087.1:2010","ATV4445","Greenhouse and Energy Minimum Standards (Televisions) Determination 2013",70
136913,"LOEWE","BILD 1.43","LOEWE","Australia","Germany",108.037,4983.18,"LCD (LED)","0.26","36.6","1.0",73.7,"N/A","N/A",284,"Approved","2026-04-19","N/A","Single product class","Unavailable",3.5,"3.803059082465918","https://reg.energyrating.gov.au/static/common/images/star_ratings_2014/EnergyStarRating_3.5_Star.eps","https://reg.energyrating.gov.au/static/common/images/star_ratings_2014/Star-rating-3.5.png","Internal","Analogue/Digital","AS/NZS 62087.1:2010","ATV4448","Greenhouse and Energy Minimum Standards (Televisions) Determination 2013",43
136913,"LOEWE","BILD 2.43","LOEWE","Australia","Germany",108.037,4983.18,"LCD (LED)","0.26","36.6","1.0",73.7,"N/A","N/A",284,"Approved","2026-04-19","N/A","Single product class","Unavailable",3.5,"3.803059082465918","https://reg.energyrating.gov.au/static/common/images/star_ratings_2014/EnergyStarRating_3.5_Star.eps","https://reg.energyrating.gov.au/static/common/images/star_ratings_2014/Star-rating-3.5.png","Internal","Analogue/Digital","AS/NZS 62087.1:2010","ATV4448","Greenhouse and Energy Minimum Standards (Televisions) Determination 2013",43
136913,"LOEWE","BILD 3.43","LOEWE","Australia","Germany",108.037,4983.18,"LCD (LED)","0.26","36.6","1.0",73.7,"N/A","N/A",284,"Approved","2026-04-19","N/A","Single product class","Unavailable",3.5,"3.803059082465918","https://reg.energyrating.gov.au/static/common/images/star_ratings_2014/EnergyStarRating_3.5_Star.eps","https://reg.energyrating.gov.au/static/common/images/star_ratings_2014/Star-rating-3.5.png","Internal","Analogue/Digital","AS/NZS 62087.1:2010","ATV4448","Greenhouse and Energy Minimum Standards (Televisions) Determination 2013",43
136913,"LOEWE","LOEWE","LOEWE","Australia","Germany",108.037,4983.18,"LCD (LED)","0.26","36.6","1.0",73.7,"N/A","N/A",284,"Approved","2026-04-19","N/A","Single product class","Unavailable",3.5,"3.803059082465918","https://reg.energyrating.gov.au/static/common/images/star_ratings_2014/EnergyStarRating_3.5_Star.eps","https://reg.energyrating.gov.au/static/common/images/star_ratings_2014/Star-rating-3.5.png","Internal","Analogue/Digital","AS/NZS 62087.1:2010","ATV4448","Greenhouse and Energy Minimum Standards (Televisions) Determination 2013",43
136915,"LOEWE","BILD 1.49","LOEWE","Australia","Germany",125.725,6751.36,"LCD (LED)","0.27","32.3","1.0",95.9,"N/A","N/A",364,"Approved","2026-04-20","N/A","Single product class","Unavailable",3.5,"3.904754114686561","https://reg.energyrating.gov.au/static/common/images/star_ratings_2014/EnergyStarRating_3.5_Star.eps","https://reg.energyrating.gov.au/static/common/images/star_ratings_2014/Star-rating-3.5.png","Internal","Analogue/Digital","AS/NZS 62087.1:2010","ATV4449","Greenhouse and Energy Minimum Standards (Televisions) Determination 2013",49
136915,"LOEWE","BILD 2.49","LOEWE","Australia","Germany",125.725,6751.36,"LCD (LED)","0.27","32.3","1.0",95.9,"N/A","N/A",364,"Approved","2026-04-20","N/A","Single product class","Unavailable",3.5,"3.904754114686561","https://reg.energyrating.gov.au/static/common/images/star_ratings_2014/EnergyStarRating_3.5_Star.eps","https://reg.energyrating.gov.au/static/common/images/star_ratings_2014/Star-rating-3.5.png","Internal","Analogue/Digital","AS/NZS 62087.1:2010","ATV4449","Greenhouse and Energy Minimum Standards (Televisions) Determination 2013",49
136915,"LOEWE","BILD 3.49","LOEWE","Australia","Germany",125.725,6751.36,"LCD (LED)","0.27","32.3","1.0",95.9,"N/A","N/A",364,"Approved","2026-04-20","N/A","Single product class","Unavailable",3.5,"3.904754114686561","https://reg.energyrating.gov.au/static/common/images/star_ratings_2014/EnergyStarRating_3.5_Star.eps","https://reg.energyrating.gov.au/static/common/images/star_ratings_2014/Star-rating-3.5.png","Internal","Analogue/Digital","AS/NZS 62087.1:2010","ATV4449","Greenhouse and Energy Minimum Standards (Televisions) Determination 2013",49
136915,"LOEWE","LOEWE","LOEWE","Australia","Germany",125.725,6751.36,"LCD (LED)","0.27","32.3","1.0",95.9,"N/A","N/A",364,"Approved","2026-04-20","N/A","Single product class","Unavailable",3.5,"3.904754114686561","https://reg.energyrating.gov.au/static/common/images/star_ratings_2014/EnergyStarRating_3.5_Star.eps","https://reg.energyrating.gov.au/static/common/images/star_ratings_2014/Star-rating-3.5.png","Internal","Analogue/Digital","AS/NZS 62087.1:2010","ATV4449","Greenhouse and Energy Minimum Standards (Televisions) Determination 2013",49
136917,"LOEWE","BILD 3.65","N/A","Australia","Germany",163.829,11466.84,"OLED","0.38","57.61","1.0",136,"N/A","N/A",520,"Approved","2026-04-15","N/A","Single product class","Unavailable",4.5,"4.503588370150543","https://reg.energyrating.gov.au/static/common/images/star_ratings_2014/EnergyStarRating_4.5_Star.eps","https://reg.energyrating.gov.au/static/common/images/star_ratings_2014/Star-rating-4.5.png","Internal","Digital","AS/NZS 62087.1:2010","ATV4444","Greenhouse and Energy Minimum Standards (Televisions) Determination 2013",64
137043,"HISENSE","55U8G","N/A","Australia","China",138.783,8230.118400000001,"LCD (LED)","0.346","0.0","0.0",111.93,"N/A","N/A",468,"Approved","2026-04-26","N/A","Single product class","Available",3.5,"3.5897619125363893","https://reg.energyrating.gov.au/static/common/images/star_ratings_2014/EnergyStarRating_3.5_Star.eps","https://reg.energyrating.gov.au/static/common/images/star_ratings_2014/Star-rating-3.5.png","Internal","Analogue/Digital","AS/NZS 62087.1:2010","ATV4456","Greenhouse and Energy Minimum Standards (Televisions) Determination 2013",55
137047,"LINSAR","LS70UHDNF","N/A","Australia","China",176.563,13320.853056,"LCD (LED)","0.573","0.622","14.0",111.08,"N/A","N/A",429,"Approved","2026-05-03","N/A","Single product class","Available",6,"6.001278565074133","https://reg.energyrating.gov.au/static/common/images/star_ratings_2014/EnergyStarRating_6_Star.eps","https://reg.energyrating.gov.au/static/common/images/star_ratings_2014/Star-rating-6.png","Internal","Analogue/Digital","AS/NZS 62087.1:2010","ATV4471","Greenhouse and Energy Minimum Standards (Televisions) Determination 2013",70
137382,"EKO","K75USG","K75USG","Australia","China",189.442,15337.79,"LCD (LED)","0.34","0.46","7.0",191.4,"N/A","N/A",758,"Approved","2026-04-16","N/A","Single product class","Available",4,"4.052634931284711","https://reg.energyrating.gov.au/static/common/images/star_ratings_2014/EnergyStarRating_4_Star.eps","https://reg.energyrating.gov.au/static/common/images/star_ratings_2014/Star-rating-4.png","Internal","Analogue/Digital","AS/NZS 62087.1:2010","ATV4446","Greenhouse and Energy Minimum Standards (Televisions) Determination 2013",75
137382,"EKO","K750USG","K75USG","Australia","China",189.442,15337.79,"LCD (LED)","0.34","0.46","7.0",191.4,"N/A","N/A",758,"Approved","2026-04-16","N/A","Single product class","Available",4,"4.052634931284711","https://reg.energyrating.gov.au/static/common/images/star_ratings_2014/EnergyStarRating_4_Star.eps","https://reg.energyrating.gov.au/static/common/images/star_ratings_2014/Star-rating-4.png","Internal","Analogue/Digital","AS/NZS 62087.1:2010","ATV4446","Greenhouse and Energy Minimum Standards (Televisions) Determination 2013",75
137383,"EKO","K550USG","N/A","Australia","China",138.897,8252.2,"LCD (LED)","0.34","0.34","7.0",72.3,"N/A","N/A",273,"Approved","2026-04-16","N/A","Single product class","Available",6,"6.016298854719112","https://reg.energyrating.gov.au/static/common/images/star_ratings_2014/EnergyStarRating_6_Star.eps","https://reg.energyrating.gov.au/static/common/images/star_ratings_2014/Star-rating-6.png","Internal","Analogue/Digital","AS/NZS 62087.1:2010","ATV4447","Greenhouse and Energy Minimum Standards (Televisions) Determination 2013",55
137725,"LOEWE","BILD v.65","N/A","Australia","Germany",163.878,11481.120000000003,"OLED","0.35","60.3","1.0",135,"N/A","N/A",517,"Approved","2026-04-28","N/A","Single product class","Available",4.5,"4.534774123722858","https://reg.energyrating.gov.au/static/common/images/star_ratings_2014/EnergyStarRating_4.5_Star.eps","https://reg.energyrating.gov.au/static/common/images/star_ratings_2014/Star-rating-4.5.png","Internal","Analogue/Digital","AS/NZS 62087.1:2010","ATV4464","Greenhouse and Energy Minimum Standards (Televisions) Determination 2013",65
137724,"LOEWE","BILD v.55","N/A","Australia","Germany",138.798,8228,"OLED","0.36","59.6","1.0",111,"N/A","N/A",429,"Approved","2026-04-27","N/A","Single product class","Unavailable",3.5,"3.97863327884949","https://reg.energyrating.gov.au/static/common/images/star_ratings_2014/EnergyStarRating_3.5_Star.eps","https://reg.energyrating.gov.au/static/common/images/star_ratings_2014/Star-rating-3.5.png","Internal","Analogue/Digital","AS/NZS 62087.1:2010","ATV4460","Greenhouse and Energy Minimum Standards (Televisions) Determination 2013",55
138118,"EKO","K650USG","N/A","Australia","China",163.791,11473.08,"LCD (LED)","0.37","0.37","7.0",134.4,"N/A","N/A",580,"Approved","2026-05-10","N/A","Single product class","Available",4,"4.016518199742423","https://reg.energyrating.gov.au/static/common/images/star_ratings_2014/EnergyStarRating_4_Star.eps","https://reg.energyrating.gov.au/static/common/images/star_ratings_2014/Star-rating-4.png","Internal","Analogue/Digital","AS/NZS 62087.1:2010","ATV4475","Greenhouse and Energy Minimum Standards (Televisions) Determination 2013",64
138186,"EKO","K85USW","N/A","Australia","China",214.637,19656,"LCD (LED)","0.35","0.0","0.0",305.2,"N/A","N/A",1116,"Approved","2026-05-10","N/A","Single product class","Available",3,"3.3875961767535685","https://reg.energyrating.gov.au/static/common/images/star_ratings_2014/EnergyStarRating_3_Star.eps","https://reg.energyrating.gov.au/static/common/images/star_ratings_2014/Star-rating-3.png","Internal","Analogue/Digital","AS/NZS 62087.1:2010","ATV4477","Greenhouse and Energy Minimum Standards (Televisions) Determination 2013",85
138187,"BLAUPUNKT","BP50WOS","N/A","Australia","China",125.727,6754.5112,"LCD (LED)","0.38","0.0","0.0",78.3,"N/A","N/A",288,"Approved","2026-05-13","N/A","Single product class","Available",4.5,"4.956167795092916","https://reg.energyrating.gov.au/static/common/images/star_ratings_2014/EnergyStarRating_4.5_Star.eps","https://reg.energyrating.gov.au/static/common/images/star_ratings_2014/Star-rating-4.5.png","Internal","Analogue/Digital","AS/NZS 62087.1:2010","ATV4483","Greenhouse and Energy Minimum Standards (Televisions) Determination 2013",49
138188,"EKO","K58USW","N/A","Australia","China",146.059,9161.78,"LCD (LED)","0.39","0.0","0.0",102.9,"N/A","N/A",378,"Approved","2026-05-10","N/A","Single product class","Available",4.5,"4.991584760760885","https://reg.energyrating.gov.au/static/common/images/star_ratings_2014/EnergyStarRating_4.5_Star.eps","https://reg.energyrating.gov.au/static/common/images/star_ratings_2014/Star-rating-4.5.png","Internal","Analogue/Digital","AS/NZS 62087.1:2010","ATV4478","Greenhouse and Energy Minimum Standards (Televisions) Determination 2013",58
138623,"EKO","K65USW","N/A","Australia","China",163.888,11477.194,"LCD (LED)","0.32","0.0","0.0",127.8,"N/A","N/A",510,"Approved","2026-05-26","N/A","Single product class","Available",4.5,"4.594420943933631","https://reg.energyrating.gov.au/static/common/images/star_ratings_2014/EnergyStarRating_4.5_Star.eps","https://reg.energyrating.gov.au/static/common/images/star_ratings_2014/Star-rating-4.5.png","Internal","Analogue/Digital","AS/NZS 62087.1:2010","ATV4497","Greenhouse and Energy Minimum Standards (Televisions) Determination 2013",65
138760,"BAUHN","ATV82UHDW-0721","N/A","Australia","China",207.183,18341.826623999998,"LCD (LED)","0.28","0.37","4.0",168.2,"N/A","N/A",651,"Approved","2026-05-31","N/A","Single product class","Unavailable",5.5,"5.50399093294664","https://reg.energyrating.gov.au/static/common/images/star_ratings_2014/EnergyStarRating_5.5_Star.eps","https://reg.energyrating.gov.au/static/common/images/star_ratings_2014/Star-rating-5.5.png","Internal","Analogue/Digital","AS/NZS 62087.1:2010","ATV4505","Greenhouse and Energy Minimum Standards (Televisions) Determination 2013",82
138863,"BAUHN","ATV50UHDG-0521","N/A","Australia","China",125.731,6754.867344,"LCD (LED)","0.38","0.51","4.0",58.47,"N/A","N/A",225,"Approved","2026-06-10","N/A","Single product class","Unavailable",6,"6.062665602947731","https://reg.energyrating.gov.au/static/common/images/star_ratings_2014/EnergyStarRating_6_Star.eps","https://reg.energyrating.gov.au/static/common/images/star_ratings_2014/Star-rating-6.png","Internal","Analogue/Digital","AS/NZS 62087.1:2010","ATV4514","Greenhouse and Energy Minimum Standards (Televisions) Determination 2013",50
139006,"BAUHN","ATV65UHDW-1021","N/A","Australia","China",163.896,11478.122496000002,"LCD (LED)","0.3594","0.361848","14.0",95.274,"N/A","N/A",367,"Approved","2026-07-26","N/A","Single product class","Available",6,"6.0693688847202","https://reg.energyrating.gov.au/static/common/images/star_ratings_2014/EnergyStarRating_6_Star.eps","https://reg.energyrating.gov.au/static/common/images/star_ratings_2014/Star-rating-6.png","Internal","Analogue/Digital","AS/NZS 62087.1:2010","ATV4561","Greenhouse and Energy Minimum Standards (Televisions) Determination 2013",65
140334,"EKO","K55USW","N/A","Australia","China",138.783,8230.118400000001,"LCD (LED)","0.35","0.0","0.0",84.82,"N/A","N/A",312,"Approved","2026-08-06","N/A","Single product class","Available",5,"5.406821405047677","https://reg.energyrating.gov.au/static/common/images/star_ratings_2014/EnergyStarRating_5_Star.eps","https://reg.energyrating.gov.au/static/common/images/star_ratings_2014/Star-rating-5.png","Internal","Digital","AS/NZS 62087.1:2010","ATV4568","Greenhouse and Energy Minimum Standards (Televisions) Determination 2013",55
140441,"EKO","K32HSW","N/A","Australia","China",80.039,2736.70931232,"LCD (LED)","0.44","0.0","0.0",36.95,"N/A","N/A",138,"Approved","2026-08-12","N/A","Single product class","Available",4.5,"4.783418926009876","https://reg.energyrating.gov.au/static/common/images/star_ratings_2014/EnergyStarRating_4.5_Star.eps","https://reg.energyrating.gov.au/static/common/images/star_ratings_2014/Star-rating-4.5.png","Internal","Digital","AS/NZS 62087.1:2010","ATV4570","Greenhouse and Energy Minimum Standards (Televisions) Determination 2013",32
140695,"BLAUPUNKT","BP65WOS","N/A","Australia","China",163.888,11477.194,"LCD (LED)","0.32","0.0","0.0",127.8,"N/A","N/A",510,"Approved","2026-08-11","N/A","Single product class","Available",4.5,"4.594420943933631","https://reg.energyrating.gov.au/static/common/images/star_ratings_2014/EnergyStarRating_4.5_Star.eps","https://reg.energyrating.gov.au/static/common/images/star_ratings_2014/Star-rating-4.5.png","Internal","Digital","AS/NZS 62087.1:2010","ATV4569","Greenhouse and Energy Minimum Standards (Televisions) Determination 2013",65
140942,"EKO","K32HSW","N/A","Australia","China",80.054,2736.1600000000003,"LCD (LED)","0.32","0.0","0.0",34.47,"N/A","N/A",134,"Approved","2026-08-30","N/A","Single product class","Available",4.5,"4.91451861715169","https://reg.energyrating.gov.au/static/common/images/star_ratings_2014/EnergyStarRating_4.5_Star.eps","https://reg.energyrating.gov.au/static/common/images/star_ratings_2014/Star-rating-4.5.png","Internal","Digital","AS/NZS 62087.1:2010","ATV4592","Greenhouse and Energy Minimum Standards (Televisions) Determination 2013",32
140943,"EKO","K320HSG","N/A","Australia","China",80.039,2736.7112736,"LCD (LED)","-","-","-",25.92,"N/A","N/A",110,"Approved","2026-09-01","N/A","Single product class","Available",5.5,"5.799687998815937","https://reg.energyrating.gov.au/static/common/images/star_ratings_2014/EnergyStarRating_5.5_Star.eps","https://reg.energyrating.gov.au/static/common/images/star_ratings_2014/Star-rating-5.5.png","Internal","Analogue/Digital","AS/NZS 62087.1:2010","ATV4593","Greenhouse and Energy Minimum Standards (Televisions) Determination 2013",32
140344,"BAUHN","ATV70UHDW-0921","N/A","Australia","China",176.545,13120.03,"LCD","0.4","0.0","0.0",95.7,"N/A","N/A",405,"Approved","2026-09-03","N/A","Single product class","Unavailable",6,"6.194622482710446","https://reg.energyrating.gov.au/static/common/images/star_ratings_2014/EnergyStarRating_6_Star.eps","https://reg.energyrating.gov.au/static/common/images/star_ratings_2014/Star-rating-6.png","Internal","Analogue/Digital","AS/NZS 62087.1:2010","ATV4596","Greenhouse and Energy Minimum Standards (Televisions) Determination 2013",70
141039,"BAUHN","ATV32HDG-1021","N/A","Australia","China",80.065,2746.18,"LCD (LED)","0.32","0.32","7.0",24.3,"N/A","N/A",105,"Approved","2026-08-25","N/A","Single product class","Unavailable",6,"6.020492681744969","https://reg.energyrating.gov.au/static/common/images/star_ratings_2014/EnergyStarRating_6_Star.eps","https://reg.energyrating.gov.au/static/common/images/star_ratings_2014/Star-rating-6.png","Internal","Analogue/Digital","AS/NZS 62087.1:2010","ATV4581","Greenhouse and Energy Minimum Standards (Televisions) Determination 2013",32
141051,"BLAUPUNKT","BP4000F","N/A","Australia","China",100.441,4271.9400000000005,"LCD (LED)","-","-","-",50.28,"N/A","N/A",190,"Approved","2026-09-01","N/A","Single product class","Unavailable",5,"5.005233286368337","https://reg.energyrating.gov.au/static/common/images/star_ratings_2014/EnergyStarRating_5_Star.eps","https://reg.energyrating.gov.au/static/common/images/star_ratings_2014/Star-rating-5.png","Internal","Digital","AS/NZS 62087.1:2010","ATV4595","Greenhouse and Energy Minimum Standards (Televisions) Determination 2013",40
141187,"BAUHN","ATV32HD-1121","N/A","Australia","China",80.054,2736.1600000000003,"LCD (LED)","0.3","0.0","0.0",26,"N/A","N/A",99,"Approved","2026-09-01","N/A","Single product class","Unavailable",6,"6.271133890295119","https://reg.energyrating.gov.au/static/common/images/star_ratings_2014/EnergyStarRating_6_Star.eps","https://reg.energyrating.gov.au/static/common/images/star_ratings_2014/Star-rating-6.png","Internal","Digital","AS/NZS 62087.1:2010","ATV4594","Greenhouse and Energy Minimum Standards (Televisions) Determination 2013",32
141305,"BLAUPUNKT","BP85WOS","N/A","Australia","China",214.783,19712.16,"LCD","0.43","0.0","0.0",306.3,"N/A","N/A",1170,"Approved","2026-09-16","N/A","Single product class","Available",3,"3.1881826824802952","https://reg.energyrating.gov.au/static/common/images/star_ratings_2014/EnergyStarRating_3_Star.eps","https://reg.energyrating.gov.au/static/common/images/star_ratings_2014/Star-rating-3.png","Internal","Analogue/Digital","AS/NZS 62087.1:2010","ATV4602","Greenhouse and Energy Minimum Standards (Televisions) Determination 2013",85
141307,"BLAUPUNKT","BP75WOS","N/A","Australia","China",189.321,15316.949999999999,"LCD","0.35","0.0","0.0",219,"N/A","N/A",810,"Approved","2026-09-16","N/A","Single product class","Available",3.5,"3.7494618775851736","https://reg.energyrating.gov.au/static/common/images/star_ratings_2014/EnergyStarRating_3.5_Star.eps","https://reg.energyrating.gov.au/static/common/images/star_ratings_2014/Star-rating-3.5.png","Internal","Analogue/Digital","AS/NZS 62087.1:2010","ATV4603","Greenhouse and Energy Minimum Standards (Televisions) Determination 2013",75
141716,"POLAROID","PL6521OS","N/A","Australia","China",163.896,11478.122496000002,"LCD (LED)","0.3594","0.361848","14.0",95.274,"N/A","N/A",367,"Approved","2026-10-06","N/A","Single product class","Available",6,"6.0693688847202","https://reg.energyrating.gov.au/static/common/images/star_ratings_2014/EnergyStarRating_6_Star.eps","https://reg.energyrating.gov.au/static/common/images/star_ratings_2014/Star-rating-6.png","Internal","Analogue/Digital","AS/NZS 62087.1:2010","ATV4616","Greenhouse and Energy Minimum Standards (Televisions) Determination 2013",65
141750,"BLAUPUNKT","BP320HSG9200","N/A","Australia","China",80.039,2736.7112736,"LCD (LED)","-","-","-",25.92,"N/A","N/A",110,"Approved","2026-10-07","N/A","Single product class","Unavailable",5.5,"5.799687998815937","https://reg.energyrating.gov.au/static/common/images/star_ratings_2014/EnergyStarRating_5.5_Star.eps","https://reg.energyrating.gov.au/static/common/images/star_ratings_2014/Star-rating-5.5.png","Internal","Analogue/Digital","AS/NZS 62087.1:2010","ATV4619","Greenhouse and Energy Minimum Standards (Televisions) Determination 2013",32
141774,"BLAUPUNKT","BP400FSG9200","N/A","Australia","China",100.332,4261.934154240001,"LCD (LED)","0.63","0.0","0.0",41.5,"N/A","N/A",155,"Approved","2026-10-07","N/A","Single product class","Unavailable",5.5,"5.908618544413956","https://reg.energyrating.gov.au/static/common/images/star_ratings_2014/EnergyStarRating_5.5_Star.eps","https://reg.energyrating.gov.au/static/common/images/star_ratings_2014/Star-rating-5.5.png","Internal","Analogue/Digital","AS/NZS 62087.1:2010","ATV4618","Greenhouse and Energy Minimum Standards (Televisions) Determination 2013",40
141777,"EKO","K240HSG","N/A","Australia","China",59.824,1528.86807072,"LCD (LED)","-","-","-",17.74,"N/A","N/A",70,"Approved","2026-10-10","N/A","Single product class","Available",5.5,"5.884900594348791","https://reg.energyrating.gov.au/static/common/images/star_ratings_2014/EnergyStarRating_5.5_Star.eps","https://reg.energyrating.gov.au/static/common/images/star_ratings_2014/Star-rating-5.5.png","Internal","Analogue/Digital","AS/NZS 62087.1:2010","ATV4621","Greenhouse and Energy Minimum Standards (Televisions) Determination 2013",24
142035,"BLAUPUNKT","BP650USG9500","N/A","Australia","China",163.896,11478.122496000002,"LCD","-","-","-",126.93,"N/A","N/A",467,"Approved","2026-10-14","N/A","Single product class","Available",4.5,"4.989492687558583","https://reg.energyrating.gov.au/static/common/images/star_ratings_2014/EnergyStarRating_4.5_Star.eps","https://reg.energyrating.gov.au/static/common/images/star_ratings_2014/Star-rating-4.5.png","Internal","Digital","AS/NZS 62087.1:2010","ATV4630","Greenhouse and Energy Minimum Standards (Televisions) Determination 2013",65
142036,"EKO","K40FSW","N/A","Australia","China",100.332,4261.934154240001,"LCD (LED)","0.47","0.0","0.0",54.5,"N/A","N/A",202,"Approved","2026-10-14","N/A","Single product class","Available",4.5,"4.721747676212026","https://reg.energyrating.gov.au/static/common/images/star_ratings_2014/EnergyStarRating_4.5_Star.eps","https://reg.energyrating.gov.au/static/common/images/star_ratings_2014/Star-rating-4.5.png","Internal","Analogue/Digital","AS/NZS 62087.1:2010","ATV4629","Greenhouse and Energy Minimum Standards (Televisions) Determination 2013",40
142181,"BLAUPUNKT","BP4000F","N/A","Australia","China",100.332,4261.934154240001,"LCD (LED)","0.28","0.0","0.0",57.3,"N/A","N/A",211,"Approved","2026-10-14","N/A","Single product class","Available",4.5,"4.526400619045754","https://reg.energyrating.gov.au/static/common/images/star_ratings_2014/EnergyStarRating_4.5_Star.eps","https://reg.energyrating.gov.au/static/common/images/star_ratings_2014/Star-rating-4.5.png","Internal","Analogue/Digital","AS/NZS 62087.1:2010","ATV4632","Greenhouse and Energy Minimum Standards (Televisions) Determination 2013",40
142237,"EKO","K32HSW","N/A","Australia","China",80.039,2736.70931232,"LCD (LED)","0.39","0.0","0.0",36.2,"N/A","N/A",135,"Approved","2026-10-14","N/A","Single product class","Available",4.5,"4.881915640744987","https://reg.energyrating.gov.au/static/common/images/star_ratings_2014/EnergyStarRating_4.5_Star.eps","https://reg.energyrating.gov.au/static/common/images/star_ratings_2014/Star-rating-4.5.png","Internal","Analogue/Digital","AS/NZS 62087.1:2010","ATV4634","Greenhouse and Energy Minimum Standards (Televisions) Determination 2013",32
142458,"EKO","K45FSW","N/A","Australia","China",116.809,5830.238736000001,"LCD","0.3","0.0","0.0",66.49,"N/A","N/A",245,"Approved","2026-11-03","N/A","Single product class","Available",5,"5.087619010444134","https://reg.energyrating.gov.au/static/common/images/star_ratings_2014/EnergyStarRating_5_Star.eps","https://reg.energyrating.gov.au/static/common/images/star_ratings_2014/Star-rating-5.png","Internal","Digital","AS/NZS 62087.1:2010","ATV4669","Greenhouse and Energy Minimum Standards (Televisions) Determination 2013",46
142461,"BLAUPUNKT","BP400FSG9200","N/A","Australia","China",100.305,4258.3,"LCD","0.38","0.4","7.0",35.8,"N/A","N/A",151,"Approved","2026-11-03","N/A","Single product class","Available",6,"6.022503316218213","https://reg.energyrating.gov.au/static/common/images/star_ratings_2014/EnergyStarRating_6_Star.eps","https://reg.energyrating.gov.au/static/common/images/star_ratings_2014/Star-rating-6.png","Internal","Digital","AS/NZS 62087.1:2010","ATV4664","Greenhouse and Energy Minimum Standards (Televisions) Determination 2013",39
142214,"STAN CASH","TV185CLEARA","N/A","Australia","China",46.787,934.3199999999998,"LCD (LED)","0.26","0.0","0.0",16.1569,"N/A","N/A",60,"Approved","2026-11-08","N/A","Single product class","Available",5,"5.185512454710998","https://reg.energyrating.gov.au/static/common/images/star_ratings_2014/EnergyStarRating_5_Star.eps","https://reg.energyrating.gov.au/static/common/images/star_ratings_2014/Star-rating-5.png","Internal","Analogue/Digital","AS/NZS 62087.1:2010","ATV4675","Greenhouse and Energy Minimum Standards (Televisions) Determination 2013",18
142691,"EKO","K58USG","N/A","Australia","China",146.068,9162.865152,"LCD","0.35","0.0","0.0",94.12,"N/A","N/A",346,"Approved","2026-11-03","N/A","Single product class","Available",5,"5.388483736880021","https://reg.energyrating.gov.au/static/common/images/star_ratings_2014/EnergyStarRating_5_Star.eps","https://reg.energyrating.gov.au/static/common/images/star_ratings_2014/Star-rating-5.png","Internal","Digital","AS/NZS 62087.1:2010","ATV4665","Greenhouse and Energy Minimum Standards (Televisions) Determination 2013",58
142701,"EKO","K75USW","N/A","Australia","China",189.274,15307.826135039999,"LCD","0.34","0.0","0.0",206.62,"N/A","N/A",756,"Approved","2026-11-04","N/A","Single product class","Available",4,"4.056094456069051","https://reg.energyrating.gov.au/static/common/images/star_ratings_2014/EnergyStarRating_4_Star.eps","https://reg.energyrating.gov.au/static/common/images/star_ratings_2014/Star-rating-4.png","Internal","Digital","AS/NZS 62087.1:2010","ATV4671","Greenhouse and Energy Minimum Standards (Televisions) Determination 2013",75
142703,"EKO","K700USG","N/A","Australia","China",176.538,13380.468019200001,"LCD","0.31","0.0","0.0",126.96,"N/A","N/A",465,"Approved","2026-11-03","N/A","Single product class","Available",5.5,"5.659177175959103","https://reg.energyrating.gov.au/static/common/images/star_ratings_2014/EnergyStarRating_5.5_Star.eps","https://reg.energyrating.gov.au/static/common/images/star_ratings_2014/Star-rating-5.5.png","Internal","Digital","AS/NZS 62087.1:2010","ATV4666","Greenhouse and Energy Minimum Standards (Televisions) Determination 2013",70
142704,"EKO","K70USW","N/A","Australia","China",176.538,13380.468019200001,"LCD","0.29","0.0","0.0",167.26,"N/A","N/A",612,"Approved","2026-11-03","N/A","Single product class","Available",4,"4.428154028271673","https://reg.energyrating.gov.au/static/common/images/star_ratings_2014/EnergyStarRating_4_Star.eps","https://reg.energyrating.gov.au/static/common/images/star_ratings_2014/Star-rating-4.png","Internal","Digital","AS/NZS 62087.1:2010","ATV4668","Greenhouse and Energy Minimum Standards (Televisions) Determination 2013",70
142709,"BAUHN","ATV60UHDW-1121","N/A","Australia","China",152.678,9955.88,"LCD","0.37","0.0","0.0",85.3,"N/A","N/A",320,"Approved","2026-11-03","N/A","Single product class","Unavailable",6,"6.085122727853401","https://reg.energyrating.gov.au/static/common/images/star_ratings_2014/EnergyStarRating_6_Star.eps","https://reg.energyrating.gov.au/static/common/images/star_ratings_2014/Star-rating-6.png","Internal","Digital","AS/NZS 62087.1:2010","ATV4667","Greenhouse and Energy Minimum Standards (Televisions) Determination 2013",60
142717,"BAUHN","ATV85UHDW-0122","N/A","Australia","China",214.783,19712.16,"LCD","0.33","0.0","0.0",159.1,"N/A","N/A",600,"Approved","2026-11-15","N/A","Single product class","Unavailable",6,"6.1810066679482025","https://reg.energyrating.gov.au/static/common/images/star_ratings_2014/EnergyStarRating_6_Star.eps","https://reg.energyrating.gov.au/static/common/images/star_ratings_2014/Star-rating-6.png","Internal","Digital","AS/NZS 62087.1:2010","ATV4684","Greenhouse and Energy Minimum Standards (Televisions) Determination 2013",85
142810,"AKAI","AK6521S6WOS","N/A","Australia","China",163.896,11478.122496000002,"LCD (LED)","0.3594","0.361848","14.0",95.274,"N/A","N/A",367,"Approved","2026-11-07","N/A","Single product class","Available",6,"6.0693688847202","https://reg.energyrating.gov.au/static/common/images/star_ratings_2014/EnergyStarRating_6_Star.eps","https://reg.energyrating.gov.au/static/common/images/star_ratings_2014/Star-rating-6.png","Internal","Analogue/Digital","AS/NZS 62087.1:2010","ATV4674","Greenhouse and Energy Minimum Standards (Televisions) Determination 2013",65
142813,"LINSAR","LS65UHDNF","N/A","Australia","China",163.896,11478.122496000002,"LCD (LED)","0.3594","0.361848","14.0",95.274,"N/A","N/A",367,"Approved","2026-11-11","N/A","Single product class","Available",6,"6.0693688847202","https://reg.energyrating.gov.au/static/common/images/star_ratings_2014/EnergyStarRating_6_Star.eps","https://reg.energyrating.gov.au/static/common/images/star_ratings_2014/Star-rating-6.png","Internal","Analogue/Digital","AS/NZS 62087.1:2010","ATV4679","Greenhouse and Energy Minimum Standards (Televisions) Determination 2013",65
142965,"BAUHN","ATV65UHDS-1221","N/A","Australia","China",163.897,11477.9975,"LCD","0.56","0.0","0.0",96.1,"N/A","N/A",360,"Approved","2026-11-15","N/A","Single product class","Unavailable",6,"6.1556252552474255","https://reg.energyrating.gov.au/static/common/images/star_ratings_2014/EnergyStarRating_6_Star.eps","https://reg.energyrating.gov.au/static/common/images/star_ratings_2014/Star-rating-6.png","Internal","Analogue/Digital","AS/NZS 62087.1:2010","ATV4685","Greenhouse and Energy Minimum Standards (Televisions) Determination 2013",65
143072,"BAUHN","ATV58UHDW-0322","N/A","Australia","China",146.039,9156.699999999999,"LCD","0.29","0.0","0.0",74.9,"N/A","N/A",275,"Approved","2027-02-03","N/A","Single product class","Unavailable",6,"6.41491902321079","https://reg.energyrating.gov.au/static/common/images/star_ratings_2014/EnergyStarRating_6_Star.eps","https://reg.energyrating.gov.au/static/common/images/star_ratings_2014/Star-rating-6.png","Internal","Digital","AS/NZS 62087.1:2010","ATV4893","Greenhouse and Energy Minimum Standards (Televisions) Determination 2013",57
143083,"BLAUPUNKT","BP3200HDV7100","N/A","Australia","China",80.039,2736.7112736,"LCD","0.27","0.0","0.0",34.48,"N/A","N/A",128,"Approved","2026-11-22","N/A","Single product class","Available",5,"5.120529236509593","https://reg.energyrating.gov.au/static/common/images/star_ratings_2014/EnergyStarRating_5_Star.eps","https://reg.energyrating.gov.au/static/common/images/star_ratings_2014/Star-rating-5.png","Internal","Digital","AS/NZS 62087.1:2010","ATV4692","Greenhouse and Energy Minimum Standards (Televisions) Determination 2013",32
143215,"BLAUPUNKT","BP2400HDV7100","N/A","Australia","China",59.824,1528.86807072,"LCD (LED)","0.49","0.0","0.0",20.5,"N/A","N/A",78,"Approved","2026-11-25","N/A","Single product class","Available",5,"5.399950059130963","https://reg.energyrating.gov.au/static/common/images/star_ratings_2014/EnergyStarRating_5_Star.eps","https://reg.energyrating.gov.au/static/common/images/star_ratings_2014/Star-rating-5.png","EPS","Analogue/Digital","AS/NZS 62087.1:2010","ATV4704","Greenhouse and Energy Minimum Standards (Televisions) Determination 2013",24
143237,"EKO","K430USGQ","N/A","Australia","China",107.987,4982.77868544,"LCD","0.41","0.0","0.0",51.49,"N/A","N/A",191,"Approved","2026-11-28","N/A","Single product class","Available",5.5,"5.580525627381117","https://reg.energyrating.gov.au/static/common/images/star_ratings_2014/EnergyStarRating_5.5_Star.eps","https://reg.energyrating.gov.au/static/common/images/star_ratings_2014/Star-rating-5.5.png","Internal","Digital","AS/NZS 62087.1:2010","ATV4707","Greenhouse and Energy Minimum Standards (Televisions) Determination 2013",43
143238,"EKO","K75QHZ","N/A","Australia","China",189.34,15318.517823999999,"LCD","0.35","0.0","0.0",227.32,"N/A","N/A",832,"Approved","2026-11-25","N/A","Single product class","Available",3.5,"3.6298065505640733","https://reg.energyrating.gov.au/static/common/images/star_ratings_2014/EnergyStarRating_3.5_Star.eps","https://reg.energyrating.gov.au/static/common/images/star_ratings_2014/Star-rating-3.5.png","Internal","Digital","AS/NZS 62087.1:2010","ATV4705","Greenhouse and Energy Minimum Standards (Televisions) Determination 2013",75
143239,"EKO","K750USG","N/A","Australia","China",189.274,15307.826135039999,"LCD","0.26","0.0","0.0",174.22,"N/A","N/A",638,"Approved","2026-11-28","N/A","Single product class","Available",4.5,"4.816605310338746","https://reg.energyrating.gov.au/static/common/images/star_ratings_2014/EnergyStarRating_4.5_Star.eps","https://reg.energyrating.gov.au/static/common/images/star_ratings_2014/Star-rating-4.5.png","Internal","Digital","AS/NZS 62087.1:2010","ATV4708","Greenhouse and Energy Minimum Standards (Televisions) Determination 2013",75
143240,"EKO","K500USG","N/A","Australia","China",125.731,6754.867344,"LCD","0.41","0.0","0.0",54.82,"N/A","N/A",203,"Approved","2026-11-29","N/A","Single product class","Available",6,"6.523778740910417","https://reg.energyrating.gov.au/static/common/images/star_ratings_2014/EnergyStarRating_6_Star.eps","https://reg.energyrating.gov.au/static/common/images/star_ratings_2014/Star-rating-6.png","Internal","Digital","AS/NZS 62087.1:2010","ATV4709","Greenhouse and Energy Minimum Standards (Televisions) Determination 2013",50
143338,"BAUHN","ATV42FHDW-1221","N/A","Australia","China",105.396,4684.68,"LCD","0.4","0.0","0.0",42.3,"N/A","N/A",157,"Approved","2026-11-30","N/A","Single product class","Available",6,"6.2175519584591425","https://reg.energyrating.gov.au/static/common/images/star_ratings_2014/EnergyStarRating_6_Star.eps","https://reg.energyrating.gov.au/static/common/images/star_ratings_2014/Star-rating-6.png","Internal","Digital","AS/NZS 62087.1:2010","ATV4720","Greenhouse and Energy Minimum Standards (Televisions) Determination 2013",41
143676,"BAUHN","ATV32HDC-0222","N/A","Australia","China",80.043,2737.0770999999995,"LCD","0.35","0.0","0.0",27,"N/A","N/A",101,"Approved","2027-01-30","N/A","Single product class","Unavailable",6,"6.182698305345105","https://reg.energyrating.gov.au/static/common/images/star_ratings_2014/EnergyStarRating_6_Star.eps","https://reg.energyrating.gov.au/static/common/images/star_ratings_2014/Star-rating-6.png","Internal","Analogue/Digital","AS/NZS 62087.1:2010","ATV4883","Greenhouse and Energy Minimum Standards (Televisions) Determination 2013",32
143744,"EKO","K550USG","N/A","Australia","China",138.783,8230.118400000001,"LCD","0.36","0.0","0.0",115.1,"N/A","N/A",422,"Approved","2026-12-20","N/A","Single product class","Available",4,"4.053423000980519","https://reg.energyrating.gov.au/static/common/images/star_ratings_2014/EnergyStarRating_4_Star.eps","https://reg.energyrating.gov.au/static/common/images/star_ratings_2014/Star-rating-4.png","Internal","Digital","AS/NZS 62087.1:2010","ATV4782","Greenhouse and Energy Minimum Standards (Televisions) Determination 2013",55
143745,"BLAUPUNKT","BP550USG9500","N/A","Australia","China",138.783,8230.118400000001,"LCD","0.36","0.0","0.0",115.1,"N/A","N/A",422,"Approved","2026-12-19","N/A","Single product class","Available",4,"4.053423000980519","https://reg.energyrating.gov.au/static/common/images/star_ratings_2014/EnergyStarRating_4_Star.eps","https://reg.energyrating.gov.au/static/common/images/star_ratings_2014/Star-rating-4.png","Internal","Digital","AS/NZS 62087.1:2010","ATV4768","Greenhouse and Energy Minimum Standards (Televisions) Determination 2013",55
143944,"BLAUPUNKT","BP85WOS","N/A","Australia","China",214.783,19712.16,"LCD","-","-","-",317.2,"N/A","N/A",1159,"Approved","2027-01-12","N/A","Single product class","Unavailable",3,"3.2305150035194496","https://reg.energyrating.gov.au/static/common/images/star_ratings_2014/EnergyStarRating_3_Star.eps","https://reg.energyrating.gov.au/static/common/images/star_ratings_2014/Star-rating-3.png","Internal","Analogue/Digital","AS/NZS 62087.1:2010","ATV4812","Greenhouse and Energy Minimum Standards (Televisions) Determination 2013",85
143946,"EKO","K500USG","N/A","Australia","China",125.638,6745.2,"LCD","0.36","0.36","7.0",59.9,"N/A","N/A",226,"Approved","2027-01-12","N/A","Single product class","Available",6,"6.03697736111736","https://reg.energyrating.gov.au/static/common/images/star_ratings_2014/EnergyStarRating_6_Star.eps","https://reg.energyrating.gov.au/static/common/images/star_ratings_2014/Star-rating-6.png","Internal","Digital","AS/NZS 62087.1:2010","ATV4811","Greenhouse and Energy Minimum Standards (Televisions) Determination 2013",49
143947,"EKO","K550USG","N/A","Australia","China",138.783,8230.118400000001,"LCD","-","-","-",87.2,"N/A","N/A",321,"Approved","2027-01-12","N/A","Single product class","Available",5,"5.279379069595689","https://reg.energyrating.gov.au/static/common/images/star_ratings_2014/EnergyStarRating_5_Star.eps","https://reg.energyrating.gov.au/static/common/images/star_ratings_2014/Star-rating-5.png","Internal","Analogue/Digital","AS/NZS 62087.1:2010","ATV4810","Greenhouse and Energy Minimum Standards (Televisions) Determination 2013",55
143949,"EKO","K550USG","N/A","Australia","China",138.783,8230.118400000001,"LCD","0.36","0.0","0.0",115.1,"N/A","N/A",455,"Approved","2027-01-12","N/A","Single product class","Available",3.5,"3.7160074473088853","https://reg.energyrating.gov.au/static/common/images/star_ratings_2014/EnergyStarRating_3.5_Star.eps","https://reg.energyrating.gov.au/static/common/images/star_ratings_2014/Star-rating-3.5.png","Internal","Digital","AS/NZS 62087.1:2010","ATV4809","Greenhouse and Energy Minimum Standards (Televisions) Determination 2013",55
143950,"BLAUPUNKT","BP550USG9500","N/A","Australia","China",138.783,8230.118400000001,"LCD","0.36","0.0","0.0",115.1,"N/A","N/A",455,"Approved","2027-01-12","N/A","Single product class","Available",3.5,"3.7160074473088853","https://reg.energyrating.gov.au/static/common/images/star_ratings_2014/EnergyStarRating_3.5_Star.eps","https://reg.energyrating.gov.au/static/common/images/star_ratings_2014/Star-rating-3.5.png","Internal","Digital","AS/NZS 62087.1:2010","ATV4808","Greenhouse and Energy Minimum Standards (Televisions) Determination 2013",55
143954,"BLAUPUNKT","BP2400HDV7100","N/A","Australia","China",60.47,1562.462784,"LCD","0.23","0.0","0.0",23.28,"N/A","N/A",87,"Approved","2027-01-20","N/A","Single product class","Available",4.5,"4.977614981385587","https://reg.energyrating.gov.au/static/common/images/star_ratings_2014/EnergyStarRating_4.5_Star.eps","https://reg.energyrating.gov.au/static/common/images/star_ratings_2014/Star-rating-4.5.png","EPS","Digital","AS/NZS 62087.1:2010","ATV4868","Greenhouse and Energy Minimum Standards (Televisions) Determination 2013",24
144195,"EKO","K500USG","N/A","Australia","China",125.731,6754.867344,"LCD (LED)","-","-","-",50.6,"N/A","N/A",210,"Approved","2027-01-30","N/A","Single product class","Available",6,"6.371851645208939","https://reg.energyrating.gov.au/static/common/images/star_ratings_2014/EnergyStarRating_6_Star.eps","https://reg.energyrating.gov.au/static/common/images/star_ratings_2014/Star-rating-6.png","Internal","Analogue/Digital","AS/NZS 62087.1:2010","ATV4882","Greenhouse and Energy Minimum Standards (Televisions) Determination 2013",50
144196,"BLAUPUNKT","BP500USG9500","N/A","Australia","China",125.731,6754.867344,"LCD (LED)","-","-","-",50.6,"N/A","N/A",210,"Approved","2027-01-24","N/A","Single product class","Available",6,"6.371851645208939","https://reg.energyrating.gov.au/static/common/images/star_ratings_2014/EnergyStarRating_6_Star.eps","https://reg.energyrating.gov.au/static/common/images/star_ratings_2014/Star-rating-6.png","Internal","Analogue/Digital","AS/NZS 62087.1:2010","ATV4872","Greenhouse and Energy Minimum Standards (Televisions) Determination 2013",50
144197,"EKO","K65USW","N/A","Australia","China",163.896,11478.122496000002,"LCD","0.18","0.0","0.0",108.2,"N/A","N/A",396,"Approved","2027-01-30","N/A","Single product class","Available",5.5,"5.728546294275628","https://reg.energyrating.gov.au/static/common/images/star_ratings_2014/EnergyStarRating_5.5_Star.eps","https://reg.energyrating.gov.au/static/common/images/star_ratings_2014/Star-rating-5.5.png","Internal","Digital","AS/NZS 62087.1:2010","ATV4881","Greenhouse and Energy Minimum Standards (Televisions) Determination 2013",65
144350,"EKO","K650USG","N/A","Australia","China",163.896,11478.122496000002,"LCD (LED)","-","-","-",137.7,"N/A","N/A",520,"Approved","2027-02-10","N/A","Single product class","Available",4.5,"4.507742024035239","https://reg.energyrating.gov.au/static/common/images/star_ratings_2014/EnergyStarRating_4.5_Star.eps","https://reg.energyrating.gov.au/static/common/images/star_ratings_2014/Star-rating-4.5.png","Internal","Analogue/Digital","AS/NZS 62087.1:2010","ATV4918","Greenhouse and Energy Minimum Standards (Televisions) Determination 2013",65
144351,"EKO","K240HSG","N/A","Australia","China",59.774,1526.53,"LCD","0.227","0.227","7.0",22,"N/A","N/A",84,"Approved","2027-02-09","N/A","Single product class","Available",5,"5.063138326718788","https://reg.energyrating.gov.au/static/common/images/star_ratings_2014/EnergyStarRating_5_Star.eps","https://reg.energyrating.gov.au/static/common/images/star_ratings_2014/Star-rating-5.png","EPS","Digital","AS/NZS 62087.1:2010","ATV4912","Greenhouse and Energy Minimum Standards (Televisions) Determination 2013",24
144352,"BLAUPUNKT","BP240HSG9200","N/A","Australia","China",59.774,1526.53,"LCD","0.227","0.227","7.0",22,"N/A","N/A",84,"Approved","2027-02-09","N/A","Single product class","Available",5,"5.063138326718788","https://reg.energyrating.gov.au/static/common/images/star_ratings_2014/EnergyStarRating_5_Star.eps","https://reg.energyrating.gov.au/static/common/images/star_ratings_2014/Star-rating-5.png","EPS","Digital","AS/NZS 62087.1:2010","ATV4914","Greenhouse and Energy Minimum Standards (Televisions) Determination 2013",24
144353,"EKO","K58USG","N/A","Australia","China",145.865,9142.279999999999,"LCD","0.35","0.039","7.0",105.8,"N/A","N/A",468,"Approved","2027-02-09","N/A","Single product class","Available",4,"4.025599758439423","https://reg.energyrating.gov.au/static/common/images/star_ratings_2014/EnergyStarRating_4_Star.eps","https://reg.energyrating.gov.au/static/common/images/star_ratings_2014/Star-rating-4.png","Internal","Digital","AS/NZS 62087.1:2010","ATV4913","Greenhouse and Energy Minimum Standards (Televisions) Determination 2013",57
144361,"EKO","K40FSW","N/A","Australia","China",100.332,4261.934154240001,"LCD (LED)","-","-","-",36.32,"N/A","N/A",151,"Approved","2027-02-16","N/A","Single product class","Available",6,"6.025786528657009","https://reg.energyrating.gov.au/static/common/images/star_ratings_2014/EnergyStarRating_6_Star.eps","https://reg.energyrating.gov.au/static/common/images/star_ratings_2014/Star-rating-6.png","Internal","Analogue/Digital","AS/NZS 62087.1:2010","ATV4938","Greenhouse and Energy Minimum Standards (Televisions) Determination 2013",40
144362,"BLAUPUNKT","BP4000F","N/A","Australia","China",100.332,4261.906885,"LCD (LED)","0.33","0.341","4.0",25.92,"N/A","N/A",151,"Approved","2027-02-09","N/A","Single product class","Available",6,"6.025761901698537","https://reg.energyrating.gov.au/static/common/images/star_ratings_2014/EnergyStarRating_6_Star.eps","https://reg.energyrating.gov.au/static/common/images/star_ratings_2014/Star-rating-6.png","Internal","Analogue/Digital","AS/NZS 62087.1:2010","ATV4915","Greenhouse and Energy Minimum Standards (Televisions) Determination 2013",40
144365,"EKO","K400FSG","N/A","Australia","China",100.305,4258.3,"LCD","0.38","0.4","7.0",35.8,"N/A","N/A",151,"Approved","2027-02-16","N/A","Single product class","Available",6,"6.022503316218213","https://reg.energyrating.gov.au/static/common/images/star_ratings_2014/EnergyStarRating_6_Star.eps","https://reg.energyrating.gov.au/static/common/images/star_ratings_2014/Star-rating-6.png","Internal","Digital","AS/NZS 62087.1:2010","ATV4939","Greenhouse and Energy Minimum Standards (Televisions) Determination 2013",39
144389,"EKO","K700USG","N/A","Australia","China",177.538,13429.306367999998,"LCD (LED)","-","-","-",160,"N/A","N/A",590,"Approved","2027-02-16","N/A","Single product class","Available",4.5,"4.607734314278893","https://reg.energyrating.gov.au/static/common/images/star_ratings_2014/EnergyStarRating_4.5_Star.eps","https://reg.energyrating.gov.au/static/common/images/star_ratings_2014/Star-rating-4.5.png","Internal","Analogue/Digital","AS/NZS 62087.1:2010","ATV4940","Greenhouse and Energy Minimum Standards (Televisions) Determination 2013",70
144599,"JVC","LT-40N5115AM","N/A","Australia","China",100.344,4254.360000000001,"LCD (LED)","0.37","0.517","7.0",35,"N/A","N/A",151,"Approved","2027-02-16","N/A","Single product class","Available",6,"6.01894107318675","https://reg.energyrating.gov.au/static/common/images/star_ratings_2014/EnergyStarRating_6_Star.eps","https://reg.energyrating.gov.au/static/common/images/star_ratings_2014/Star-rating-6.png","Internal","Analogue/Digital","AS/NZS 62087.1:2010","ATV4931","Greenhouse and Energy Minimum Standards (Televisions) Determination 2013",40
144632,"BAUHN","ATV85UHDW-0322","N/A","Australia","China",214.783,19712.16,"LCD","0.33","0.0","0.0",159.1,"N/A","N/A",600,"Approved","2027-02-08","N/A","Single product class","Unavailable",6,"6.1810066679482025","https://reg.energyrating.gov.au/static/common/images/star_ratings_2014/EnergyStarRating_6_Star.eps","https://reg.energyrating.gov.au/static/common/images/star_ratings_2014/Star-rating-6.png","Internal","Digital","AS/NZS 62087.1:2010","ATV4901","Greenhouse and Energy Minimum Standards (Televisions) Determination 2013",85
144679,"EKO","K55USW","N/A","Australia","China",138.798,8228,"LCD","0.4","0.0","0.0",100.9,"N/A","N/A",385,"Approved","2027-03-17","N/A","Single product class","Available",4,"4.4635838140673165","https://reg.energyrating.gov.au/static/common/images/star_ratings_2014/EnergyStarRating_4_Star.eps","https://reg.energyrating.gov.au/static/common/images/star_ratings_2014/Star-rating-4.png","Internal","Digital","AS/NZS 62087.1:2010","ATV4982","Greenhouse and Energy Minimum Standards (Televisions) Determination 2013",55
144727,"JVC","LT-75N7125A","N/A","Australia","China",188.974,15220.27,"LCD (LED)","0.85","0.85","7.0",189.3,"N/A","N/A",758,"Approved","2027-02-16","N/A","Single product class","Available",4,"4.01967621728369","https://reg.energyrating.gov.au/static/common/images/star_ratings_2014/EnergyStarRating_4_Star.eps","https://reg.energyrating.gov.au/static/common/images/star_ratings_2014/Star-rating-4.png","Internal","Analogue/Digital","AS/NZS 62087.1:2010","ATV4933","Greenhouse and Energy Minimum Standards (Televisions) Determination 2013",74
144741,"AKAI","AK8521S6WOS","N/A","Australia","China",214.783,19712.16,"LCD","0.33","0.0","0.0",159.1,"N/A","N/A",600,"Approved","2027-02-24","N/A","Single product class","Available",6,"6.1810066679482025","https://reg.energyrating.gov.au/static/common/images/star_ratings_2014/EnergyStarRating_6_Star.eps","https://reg.energyrating.gov.au/static/common/images/star_ratings_2014/Star-rating-6.png","Internal","Digital","AS/NZS 62087.1:2010","ATV4957","Greenhouse and Energy Minimum Standards (Televisions) Determination 2013",85
144762,"LINSAR","LS85UHDNF","N/A","Australia","China",214.783,19712.16,"LCD","0.33","0.0","0.0",159.1,"N/A","N/A",600,"Approved","2027-02-14","N/A","Single product class","Available",6,"6.1810066679482025","https://reg.energyrating.gov.au/static/common/images/star_ratings_2014/EnergyStarRating_6_Star.eps","https://reg.energyrating.gov.au/static/common/images/star_ratings_2014/Star-rating-6.png","Internal","Digital","AS/NZS 62087.1:2010","ATV4930","Greenhouse and Energy Minimum Standards (Televisions) Determination 2013",85
138619,"BAUHN","ATV40FHDG-**** (*=0-9)","ATV40FHDG-**** (*=0-9)","Australia","China",100.305,4258.3,"LCD","0.38","0.4","7.0",35.8,"N/A","N/A",151,"Approved","2026-06-15","N/A","Single product class","Unavailable",6,"6.02250331621821","https://reg.energyrating.gov.au/static/common/images/star_ratings_2014/EnergyStarRating_6_Star.eps","https://reg.energyrating.gov.au/static/common/images/star_ratings_2014/Star-rating-6.png","Internal","Analogue/Digital","AS/NZS 62087.1:2010","ATV4515","Greenhouse and Energy Minimum Standards (Televisions) Determination 2013",39
138619,"BAUHN","ATV40FHDG-0322","ATV40FHDG-**** (*=0-9)","Australia","China",100.305,4258.3,"LCD","0.38","0.4","7.0",35.8,"N/A","N/A",151,"Approved","2026-06-15","N/A","Single product class","Unavailable",6,"6.02250331621821","https://reg.energyrating.gov.au/static/common/images/star_ratings_2014/EnergyStarRating_6_Star.eps","https://reg.energyrating.gov.au/static/common/images/star_ratings_2014/Star-rating-6.png","Internal","Analogue/Digital","AS/NZS 62087.1:2010","ATV4515","Greenhouse and Energy Minimum Standards (Televisions) Determination 2013",39
138619,"BAUHN","ATV40FHDG-0721","ATV40FHDG-**** (*=0-9)","Australia","China",100.305,4258.3,"LCD","0.38","0.4","7.0",35.8,"N/A","N/A",151,"Approved","2026-06-15","N/A","Single product class","Unavailable",6,"6.02250331621821","https://reg.energyrating.gov.au/static/common/images/star_ratings_2014/EnergyStarRating_6_Star.eps","https://reg.energyrating.gov.au/static/common/images/star_ratings_2014/Star-rating-6.png","Internal","Analogue/Digital","AS/NZS 62087.1:2010","ATV4515","Greenhouse and Energy Minimum Standards (Televisions) Determination 2013",39
144907,"AVEL INNOVATIONS","AVS240WS","N/A","Australia","China",60.22,1548.75,"LCD (LED)","-","-","-",24.01,"N/A","N/A",90,"Approved","2027-04-04","N/A","Single product class","Available",4.5,"4.798447235076666","https://reg.energyrating.gov.au/static/common/images/star_ratings_2014/EnergyStarRating_4.5_Star.eps","https://reg.energyrating.gov.au/static/common/images/star_ratings_2014/Star-rating-4.5.png","Internal","Analogue/Digital","AS/NZS 62087.1:2010","ATV4997","Greenhouse and Energy Minimum Standards (Televisions) Determination 2013",24
145125,"AVEL INNOVATIONS","AVS240KS","N/A","Australia","China",60.22,1548.75,"LCD (LED)","-","-","-",24.37,"N/A","N/A",91,"Approved","2027-03-07","N/A","Single product class","Available",4.5,"4.748928276892544","https://reg.energyrating.gov.au/static/common/images/star_ratings_2014/EnergyStarRating_4.5_Star.eps","https://reg.energyrating.gov.au/static/common/images/star_ratings_2014/Star-rating-4.5.png","Internal","Analogue/Digital","AS/NZS 62087.1:2010","ATV4964","Greenhouse and Energy Minimum Standards (Televisions) Determination 2013",24
145126,"AVEL INNOVATIONS","AVS325KS","N/A","Australia","China",80.103,2743.14,"LCD (LED)","-","-","-",39.33,"N/A","N/A",145,"Approved","2027-03-08","N/A","Single product class","Available",4.5,"4.570054909528788","https://reg.energyrating.gov.au/static/common/images/star_ratings_2014/EnergyStarRating_4.5_Star.eps","https://reg.energyrating.gov.au/static/common/images/star_ratings_2014/Star-rating-4.5.png","Internal","Analogue/Digital","AS/NZS 62087.1:2010","ATV4965","Greenhouse and Energy Minimum Standards (Televisions) Determination 2013",32
145221,"EKO","K40FSW","N/A","Australia","China",100.332,4261.934154240001,"LCD","0.44","0.0","0.0",68.2,"N/A","N/A",252,"Approved","2027-03-14","N/A","Single product class","Available",3.5,"3.7306305733081637","https://reg.energyrating.gov.au/static/common/images/star_ratings_2014/EnergyStarRating_3.5_Star.eps","https://reg.energyrating.gov.au/static/common/images/star_ratings_2014/Star-rating-3.5.png","Internal","Digital","AS/NZS 62087.1:2010","ATV4976","Greenhouse and Energy Minimum Standards (Televisions) Determination 2013",40
145222,"EKO","K650USG","N/A","Australia","China",163.896,11478.122496000002,"LCD","0.44","0.0","0.0",137.3,"N/A","N/A",505,"Approved","2027-03-14","N/A","Single product class","Available",4.5,"4.638914904128455","https://reg.energyrating.gov.au/static/common/images/star_ratings_2014/EnergyStarRating_4.5_Star.eps","https://reg.energyrating.gov.au/static/common/images/star_ratings_2014/Star-rating-4.5.png","Internal","Digital","AS/NZS 62087.1:2010","ATV4978","Greenhouse and Energy Minimum Standards (Televisions) Determination 2013",65
145414,"EKO","K400DVD","N/A","Australia","China",100.332,4261.934154240001,"LCD","0.27","0.0","0.0",41.95,"N/A","N/A",155,"Approved","2027-03-30","N/A","Single product class","Available",5.5,"5.908618544413956","https://reg.energyrating.gov.au/static/common/images/star_ratings_2014/EnergyStarRating_5.5_Star.eps","https://reg.energyrating.gov.au/static/common/images/star_ratings_2014/Star-rating-5.5.png","Internal","Digital","AS/NZS 62087.1:2010","ATV4994","Greenhouse and Energy Minimum Standards (Televisions) Determination 2013",40
145907,"SVISION","S65US","N/A","Australia","China",163.896,11478.122496000002,"LCD","0.44","0.0","0.0",137.3,"N/A","N/A",505,"Approved","2027-04-21","N/A","Single product class","Unavailable",4.5,"4.638914904128455","https://reg.energyrating.gov.au/static/common/images/star_ratings_2014/EnergyStarRating_4.5_Star.eps","https://reg.energyrating.gov.au/static/common/images/star_ratings_2014/Star-rating-4.5.png","Internal","Digital","AS/NZS 62087.1:2010","ATV5009","Greenhouse and Energy Minimum Standards (Televisions) Determination 2013",65
145910,"EKO","K70USW","N/A","Australia","China",176.539,13385.2,"LCD","0.32","0.0","0.0",104.9,"N/A","N/A",405,"Approved","2027-04-21","N/A","Single product class","Available",6,"6.2797926522064635","https://reg.energyrating.gov.au/static/common/images/star_ratings_2014/EnergyStarRating_6_Star.eps","https://reg.energyrating.gov.au/static/common/images/star_ratings_2014/Star-rating-6.png","Internal","Digital","AS/NZS 62087.1:2010","ATV5012","Greenhouse and Energy Minimum Standards (Televisions) Determination 2013",70
146100,"EKO","K43FSG11","N/A","Australia","China",107.942,4978.7136,"LCD (LED)","-","-","-",51.8,"N/A","N/A",216,"Approved","2027-04-21","N/A","Single product class","Available",5,"5.026081958562645","https://reg.energyrating.gov.au/static/common/images/star_ratings_2014/EnergyStarRating_5_Star.eps","https://reg.energyrating.gov.au/static/common/images/star_ratings_2014/Star-rating-5.png","Internal","Analogue/Digital","AS/NZS 62087.1:2010","ATV5013","Greenhouse and Energy Minimum Standards (Televisions) Determination 2013",42
146151,"BLAUPUNKT","BP320HSG9700","N/A","Australia","China",80.029,2735.9872,"LCD (LED)","-","-","-",34.4,"N/A","N/A",151,"Approved","2027-04-21","N/A","Single product class","Available",4,"4.379032283719447","https://reg.energyrating.gov.au/static/common/images/star_ratings_2014/EnergyStarRating_4_Star.eps","https://reg.energyrating.gov.au/static/common/images/star_ratings_2014/Star-rating-4.png","Internal","Analogue/Digital","AS/NZS 62087.1:2010","ATV5011","Greenhouse and Energy Minimum Standards (Televisions) Determination 2013",32
146152,"EKO","K400FSG","N/A","Australia","China",100.328,4261.4193000000005,"LCD (LED)","-","-","-",32.8,"N/A","N/A",141,"Approved","2027-04-21","N/A","Single product class","Available",6,"6.332388205338999","https://reg.energyrating.gov.au/static/common/images/star_ratings_2014/EnergyStarRating_6_Star.eps","https://reg.energyrating.gov.au/static/common/images/star_ratings_2014/Star-rating-6.png","Internal","Analogue/Digital","AS/NZS 62087.1:2010","ATV5016","Greenhouse and Energy Minimum Standards (Televisions) Determination 2013",39
146153,"BLAUPUNKT","BP400FSG9700","N/A","Australia","China",100.328,4261.4193000000005,"LCD (LED)","-","-","-",32.8,"N/A","N/A",141,"Approved","2027-04-21","N/A","Single product class","Available",6,"6.332388205338999","https://reg.energyrating.gov.au/static/common/images/star_ratings_2014/EnergyStarRating_6_Star.eps","https://reg.energyrating.gov.au/static/common/images/star_ratings_2014/Star-rating-6.png","Internal","Analogue/Digital","AS/NZS 62087.1:2010","ATV5010","Greenhouse and Energy Minimum Standards (Televisions) Determination 2013",39
146179,"BAUHN","ATV70UHDW-0422","N/A","Australia","China",176.592,13327.74,"LCD","0.51","0.0","0.0",107.4,"N/A","N/A",395,"Approved","2027-05-04","N/A","Single product class","Available",6,"6.37351524694427","https://reg.energyrating.gov.au/static/common/images/star_ratings_2014/EnergyStarRating_6_Star.eps","https://reg.energyrating.gov.au/static/common/images/star_ratings_2014/Star-rating-6.png","Internal","Analogue/Digital","AS/NZS 62087.1:2010","ATV5030","Greenhouse and Energy Minimum Standards (Televisions) Determination 2013",70
146531,"LSP TV","Prison TV","N/A","Australia","China",48.313,997.77,"LCD (LED)","0.07","0.0","0.0",16.1569,"N/A","N/A",60,"Approved","2027-05-18","N/A","Single product class","Available",5,"5.356171502503779","https://reg.energyrating.gov.au/static/common/images/star_ratings_2014/EnergyStarRating_5_Star.eps","https://reg.energyrating.gov.au/static/common/images/star_ratings_2014/Star-rating-5.png","Internal","Analogue/Digital","AS/NZS 62087.1:2010","ATV5050","Greenhouse and Energy Minimum Standards (Televisions) Determination 2013",19
146562,"BAUHN","ATV55UHDQ-0722","N/A","Australia","China",138.711,8221.2,"LCD","0.4","0.0","0.0",83,"N/A","N/A",305,"Approved","2027-05-01","N/A","Single product class","Available",5.5,"5.504033537069173","https://reg.energyrating.gov.au/static/common/images/star_ratings_2014/EnergyStarRating_5.5_Star.eps","https://reg.energyrating.gov.au/static/common/images/star_ratings_2014/Star-rating-5.5.png","Internal","Digital","AS/NZS 62087.1:2010","ATV5026","Greenhouse and Energy Minimum Standards (Televisions) Determination 2013",55
146462,"PRISM+","Q55 PRO QE","N/A","Australia","China",138.711,8221.2,"LCD (LED)","0.461","0.583","4.0",102.1,"N/A","N/A",424,"Approved","2027-05-29","N/A","Single product class","Available",4,"4.0277565992665405","https://reg.energyrating.gov.au/static/common/images/star_ratings_2014/EnergyStarRating_4_Star.eps","https://reg.energyrating.gov.au/static/common/images/star_ratings_2014/Star-rating-4.png","Internal","Analogue/Digital","AS/NZS 62087.1:2010","ATV5080","Greenhouse and Energy Minimum Standards (Televisions) Determination 2013",55
146768,"BLAUPUNKT","BP750USG9300","N/A","Australia","China",189.266,15306.638400000002,"LCD","0.36","0.0","0.0",188.97,"N/A","N/A",692,"Approved","2027-05-11","N/A","Single product class","Available",4,"4.452167843042404","https://reg.energyrating.gov.au/static/common/images/star_ratings_2014/EnergyStarRating_4_Star.eps","https://reg.energyrating.gov.au/static/common/images/star_ratings_2014/Star-rating-4.png","Internal","Digital","AS/NZS 62087.1:2010","ATV5038","Greenhouse and Energy Minimum Standards (Televisions) Determination 2013",75
146806,"BLAUPUNKT","BP500USG9500","N/A","Australia","China",125.638,6745.2,"LCD","0.36","0.36","7.0",59.9,"N/A","N/A",226,"Approved","2027-05-12","N/A","Single product class","Unavailable",6,"6.03697736111736","https://reg.energyrating.gov.au/static/common/images/star_ratings_2014/EnergyStarRating_6_Star.eps","https://reg.energyrating.gov.au/static/common/images/star_ratings_2014/Star-rating-6.png","Internal","Digital","AS/NZS 62087.1:2010","ATV5043","Greenhouse and Energy Minimum Standards (Televisions) Determination 2013",49
146844,"EKO","K55DVAQ","N/A","Australia","China",138.613,8197.02,"LCD","0.383","0.383","7.0",76.044,"N/A","N/A",380,"Approved","2027-05-12","N/A","Single product class","Available",4.5,"4.506588374804526","https://reg.energyrating.gov.au/static/common/images/star_ratings_2014/EnergyStarRating_4.5_Star.eps","https://reg.energyrating.gov.au/static/common/images/star_ratings_2014/Star-rating-4.5.png","Internal","Digital","AS/NZS 62087.1:2010","ATV5042","Greenhouse and Energy Minimum Standards (Televisions) Determination 2013",55
146846,"EKO","K32FSG11","N/A","Australia","China",79.831,2721.3599999999997,"LCD","0.251","0.251","7.0",31.814,"N/A","N/A",130,"Approved","2027-05-12","N/A","Single product class","Available",5,"5.03098766900437","https://reg.energyrating.gov.au/static/common/images/star_ratings_2014/EnergyStarRating_5_Star.eps","https://reg.energyrating.gov.au/static/common/images/star_ratings_2014/Star-rating-5.png","Internal","Digital","AS/NZS 62087.1:2010","ATV5039","Greenhouse and Energy Minimum Standards (Televisions) Determination 2013",31
146853,"BLAUPUNKT","BP550USG9800","N/A","Australia","China",138.798,8228,"LCD","0.375","0.375","7.0",93.324,"N/A","N/A",380,"Approved","2027-05-16","N/A","Single product class","Available",4.5,"4.522165303383788","https://reg.energyrating.gov.au/static/common/images/star_ratings_2014/EnergyStarRating_4.5_Star.eps","https://reg.energyrating.gov.au/static/common/images/star_ratings_2014/Star-rating-4.5.png","Internal","Digital","AS/NZS 62087.1:2010","ATV5044","Greenhouse and Energy Minimum Standards (Televisions) Determination 2013",55
146866,"EKO","K58USG","N/A","Australia","China",146.059,9161.78,"LCD (LED)","-","-","-",126,"N/A","N/A",465,"Approved","2027-05-12","N/A","Single product class","Available",4,"4.0632890123612855","https://reg.energyrating.gov.au/static/common/images/star_ratings_2014/EnergyStarRating_4_Star.eps","https://reg.energyrating.gov.au/static/common/images/star_ratings_2014/Star-rating-4.png","Internal","Analogue/Digital","AS/NZS 62087.1:2010","ATV5041","Greenhouse and Energy Minimum Standards (Televisions) Determination 2013",58
146934,"BLAUPUNKT","BP3200HDV7100","N/A","Australia","China",80.043,2737.0770999999995,"LCD (LED)","0.36","0.0","0.0",35.4,"N/A","N/A",131,"Approved","2027-05-17","N/A","Single product class","Available",5,"5.017184873170333","https://reg.energyrating.gov.au/static/common/images/star_ratings_2014/EnergyStarRating_5_Star.eps","https://reg.energyrating.gov.au/static/common/images/star_ratings_2014/Star-rating-5.png","Internal","Analogue/Digital","AS/NZS 62087.1:2010","ATV5048","Greenhouse and Energy Minimum Standards (Televisions) Determination 2013",32
146941,"EKO","K65DVAQ","N/A","Australia","China",163.644,11430.269999999999,"LCD","0.367","0.367","7.0",198,"N/A","N/A",725,"Approved","2027-05-19","N/A","Single product class","Available",3,"3.0007306870974766","https://reg.energyrating.gov.au/static/common/images/star_ratings_2014/EnergyStarRating_3_Star.eps","https://reg.energyrating.gov.au/static/common/images/star_ratings_2014/Star-rating-3.png","Internal","Analogue/Digital","AS/NZS 62087.1:2010","ATV5051","Greenhouse and Energy Minimum Standards (Televisions) Determination 2013",64
146985,"BLAUPUNKT","BP430FSG9700","N/A","Australia","China",107.942,4978.7136,"LCD (LED)","-","-","-",51.8,"N/A","N/A",216,"Approved","2027-05-23","N/A","Single product class","Unavailable",5,"5.026081958562645","https://reg.energyrating.gov.au/static/common/images/star_ratings_2014/EnergyStarRating_5_Star.eps","https://reg.energyrating.gov.au/static/common/images/star_ratings_2014/Star-rating-5.png","Internal","Analogue/Digital","AS/NZS 62087.1:2010","ATV5060","Greenhouse and Energy Minimum Standards (Televisions) Determination 2013",42
147289,"EKO","K75DVAQ","N/A","Australia","China",188.877,15187.289999999999,"LCD","0.41","0.41","7.0",189.42,"N/A","N/A",750,"Approved","2027-05-31","N/A","Single product class","Unavailable",4,"4.057931857479462","https://reg.energyrating.gov.au/static/common/images/star_ratings_2014/EnergyStarRating_4_Star.eps","https://reg.energyrating.gov.au/static/common/images/star_ratings_2014/Star-rating-4.png","Internal","Analogue/Digital","AS/NZS 62087.1:2010","ATV5082","Greenhouse and Energy Minimum Standards (Televisions) Determination 2013",74
147302,"BLAUPUNKT","BP650USG9500","N/A","Australia","China",163.896,11478.122496000002,"LCD","0.44","0.0","0.0",137.3,"N/A","N/A",505,"Approved","2027-05-26","N/A","Single product class","Unavailable",4.5,"4.638914904128455","https://reg.energyrating.gov.au/static/common/images/star_ratings_2014/EnergyStarRating_4.5_Star.eps","https://reg.energyrating.gov.au/static/common/images/star_ratings_2014/Star-rating-4.5.png","Internal","Digital","AS/NZS 62087.1:2010","ATV5078","Greenhouse and Energy Minimum Standards (Televisions) Determination 2013",65
147329,"PRISM+","Q65 PRO QE","N/A","Australia","China",163.896,11478.122496000002,"LCD (LED)","0.41","0.54","4.0",93.43,"N/A","N/A",400,"Approved","2027-06-02","N/A","Single product class","Available",5.5,"5.683506516991858","https://reg.energyrating.gov.au/static/common/images/star_ratings_2014/EnergyStarRating_5.5_Star.eps","https://reg.energyrating.gov.au/static/common/images/star_ratings_2014/Star-rating-5.5.png","Internal","Analogue/Digital","AS/NZS 62087.1:2010","ATV5083","Greenhouse and Energy Minimum Standards (Televisions) Determination 2013",65
148071,"BLAUPUNKT","BP650USG9700","N/A","Australia","China",163.897,11477.9975,"LCD (LED)","-","-","-",109,"N/A","N/A",400,"Approved","2027-07-12","N/A","Single product class","Available",5.5,"5.68346052076461","https://reg.energyrating.gov.au/static/common/images/star_ratings_2014/EnergyStarRating_5.5_Star.eps","https://reg.energyrating.gov.au/static/common/images/star_ratings_2014/Star-rating-5.5.png","Internal","Analogue/Digital","AS/NZS 62087.1:2010","ATV5124","Greenhouse and Energy Minimum Standards (Televisions) Determination 2013",65
148077,"BLAUPUNKT","BP860USG9700","N/A","Australia","China",217.421,20198.805,"LCD (LED)","-","-","-",270,"N/A","N/A",988,"Approved","2027-07-12","N/A","Single product class","Available",4,"4.051470647123762","https://reg.energyrating.gov.au/static/common/images/star_ratings_2014/EnergyStarRating_4_Star.eps","https://reg.energyrating.gov.au/static/common/images/star_ratings_2014/Star-rating-4.png","Internal","Analogue/Digital","AS/NZS 62087.1:2010","ATV5125","Greenhouse and Energy Minimum Standards (Televisions) Determination 2013",86
148080,"BLAUPUNKT","BP550USG9700","N/A","Australia","China",138.783,8230.118400000001,"LCD (LED)","-","-","-",91,"N/A","N/A",335,"Approved","2027-07-19","N/A","Single product class","Available",5,"5.088069894655924","https://reg.energyrating.gov.au/static/common/images/star_ratings_2014/EnergyStarRating_5_Star.eps","https://reg.energyrating.gov.au/static/common/images/star_ratings_2014/Star-rating-5.png","Internal","Analogue/Digital","AS/NZS 62087.1:2010","ATV5147","Greenhouse and Energy Minimum Standards (Televisions) Determination 2013",55
148082,"BLAUPUNKT","BP420FSG9700","N/A","Australia","China",105.407,4682.085999999999,"LCD (LED)","-","-","-",43.9,"N/A","N/A",163,"Approved","2027-07-24","N/A","Single product class","Available",6,"6.047319748585282","https://reg.energyrating.gov.au/static/common/images/star_ratings_2014/EnergyStarRating_6_Star.eps","https://reg.energyrating.gov.au/static/common/images/star_ratings_2014/Star-rating-6.png","Internal","Analogue/Digital","AS/NZS 62087.1:2010","ATV5150","Greenhouse and Energy Minimum Standards (Televisions) Determination 2013",41
148284,"EKO","K32DVD","N/A","Australia","China",80.043,2737.0770999999995,"LCD","0.36","0.0","0.0",35.2,"N/A","N/A",131,"Approved","2027-08-10","N/A","Single product class","Available",5,"5.017184873170333","https://reg.energyrating.gov.au/static/common/images/star_ratings_2014/EnergyStarRating_5_Star.eps","https://reg.energyrating.gov.au/static/common/images/star_ratings_2014/Star-rating-5.png","Internal","Analogue/Digital","AS/NZS 62087.1:2010","ATV5175","Greenhouse and Energy Minimum Standards (Televisions) Determination 2013",32
148576,"BLAUPUNKT","BP550USG9500","N/A","Australia","China",138.783,8230.118400000001,"LCD","0.35","0.0","0.0",110.52,"N/A","N/A",422,"Approved","2027-08-11","N/A","Single product class","Unavailable",4,"4.053423000980519","https://reg.energyrating.gov.au/static/common/images/star_ratings_2014/EnergyStarRating_4_Star.eps","https://reg.energyrating.gov.au/static/common/images/star_ratings_2014/Star-rating-4.png","Internal","Digital","AS/NZS 62087.1:2010","ATV5176","Greenhouse and Energy Minimum Standards (Televisions) Determination 2013",55
148597,"BLAUPUNKT","BP550USG9700","N/A","Australia","China",138.798,8228,"LCD","0.375","0.375","7.0",93.324,"N/A","N/A",380,"Approved","2027-08-15","N/A","Single product class","Available",4.5,"4.522165303383788","https://reg.energyrating.gov.au/static/common/images/star_ratings_2014/EnergyStarRating_4.5_Star.eps","https://reg.energyrating.gov.au/static/common/images/star_ratings_2014/Star-rating-4.5.png","Internal","Analogue/Digital","AS/NZS 62087.1:2010","ATV5180","Greenhouse and Energy Minimum Standards (Televisions) Determination 2013",55
148693,"JVC","LT-40N5115A11","N/A","Australia","China",100.791,4291.38,"LCD","0.25","0.25","7.0",36.7,"N/A","N/A",186,"Approved","2027-08-01","N/A","Single product class","Available",5,"5.118073049588307","https://reg.energyrating.gov.au/static/common/images/star_ratings_2014/EnergyStarRating_5_Star.eps","https://reg.energyrating.gov.au/static/common/images/star_ratings_2014/Star-rating-5.png","Internal","Analogue/Digital","AS/NZS 62087.1:2010","ATV5163","Greenhouse and Energy Minimum Standards (Televisions) Determination 2013",40
148709,"SVISION","SC32HSG","N/A","Australia","China",80.029,2735.9872,"LCD (LED)","-","-","-",34.4,"N/A","N/A",151,"Approved","2027-08-16","N/A","Single product class","Available",4,"4.379032283719447","https://reg.energyrating.gov.au/static/common/images/star_ratings_2014/EnergyStarRating_4_Star.eps","https://reg.energyrating.gov.au/static/common/images/star_ratings_2014/Star-rating-4.png","Internal","Analogue/Digital","AS/NZS 62087.1:2010","ATV5182","Greenhouse and Energy Minimum Standards (Televisions) Determination 2013",32
148787,"BLAUPUNKT","BP400FSG9700","N/A","Australia","China",100.791,4291.38,"LCD","0.25","0.25","7.0",50.5,"N/A","N/A",186,"Approved","2027-08-15","N/A","Single product class","Available",5,"5.118073049588307","https://reg.energyrating.gov.au/static/common/images/star_ratings_2014/EnergyStarRating_5_Star.eps","https://reg.energyrating.gov.au/static/common/images/star_ratings_2014/Star-rating-5.png","Internal","Analogue/Digital","AS/NZS 62087.1:2010","ATV5179","Greenhouse and Energy Minimum Standards (Televisions) Determination 2013",40
148834,"BLAUPUNKT","BP320HSG9700","N/A","Australia","China",80.139,2773.0499999999997,"LCD","0.251","0.251","7.0",31.9,"N/A","N/A",118,"Approved","2027-08-10","N/A","Single product class","Available",5.5,"5.532205229661681","https://reg.energyrating.gov.au/static/common/images/star_ratings_2014/EnergyStarRating_5.5_Star.eps","https://reg.energyrating.gov.au/static/common/images/star_ratings_2014/Star-rating-5.5.png","Internal","Analogue/Digital","AS/NZS 62087.1:2010","ATV5174","Greenhouse and Energy Minimum Standards (Televisions) Determination 2013",32
148837,"EKO","K320HSG","N/A","Australia","China",80.139,2773.0499999999997,"LCD","0.251","0.251","7.0",31.9,"N/A","N/A",118,"Approved","2027-08-15","N/A","Single product class","Available",5.5,"5.532205229661681","https://reg.energyrating.gov.au/static/common/images/star_ratings_2014/EnergyStarRating_5.5_Star.eps","https://reg.energyrating.gov.au/static/common/images/star_ratings_2014/Star-rating-5.5.png","Internal","Analogue/Digital","AS/NZS 62087.1:2010","ATV5178","Greenhouse and Energy Minimum Standards (Televisions) Determination 2013",32
148994,"EKO","K650USG","N/A","Australia","China",163.132,11402.6,"LCD","0.34","0.34","7.0",124.968,"N/A","N/A",512,"Approved","2027-08-28","N/A","Single product class","Available",4.5,"4.5493455240483325","https://reg.energyrating.gov.au/static/common/images/star_ratings_2014/EnergyStarRating_4.5_Star.eps","https://reg.energyrating.gov.au/static/common/images/star_ratings_2014/Star-rating-4.5.png","Internal","Analogue/Digital","AS/NZS 62087.1:2010","ATV5211","Greenhouse and Energy Minimum Standards (Televisions) Determination 2013",64
148995,"EKO","K550USG","N/A","Australia","China",138.798,8228,"LCD","0.375","0.375","7.0",93.324,"N/A","N/A",380,"Approved","2027-08-28","N/A","Single product class","Available",4.5,"4.522165303383788","https://reg.energyrating.gov.au/static/common/images/star_ratings_2014/EnergyStarRating_4.5_Star.eps","https://reg.energyrating.gov.au/static/common/images/star_ratings_2014/Star-rating-4.5.png","Internal","Analogue/Digital","AS/NZS 62087.1:2010","ATV5203","Greenhouse and Energy Minimum Standards (Televisions) Determination 2013",55
149006,"EKO","K55USW","N/A","Australia","China",138.783,8230.118400000001,"LCD","0.37","0.0","0.0",96.06,"N/A","N/A",353,"Approved","2027-08-28","N/A","Single product class","Available",4.5,"4.8535234567239876","https://reg.energyrating.gov.au/static/common/images/star_ratings_2014/EnergyStarRating_4.5_Star.eps","https://reg.energyrating.gov.au/static/common/images/star_ratings_2014/Star-rating-4.5.png","Internal","Digital","AS/NZS 62087.1:2010","ATV5210","Greenhouse and Energy Minimum Standards (Televisions) Determination 2013",55
149013,"EKO","K65USW","N/A","Australia","China",163.896,11478.122496000002,"LCD","0.36","0.0","0.0",111.39,"N/A","N/A",409,"Approved","2027-08-28","N/A","Single product class","Available",5.5,"5.583792190479736","https://reg.energyrating.gov.au/static/common/images/star_ratings_2014/EnergyStarRating_5.5_Star.eps","https://reg.energyrating.gov.au/static/common/images/star_ratings_2014/Star-rating-5.5.png","Internal","Digital","AS/NZS 62087.1:2010","ATV5204","Greenhouse and Energy Minimum Standards (Televisions) Determination 2013",65
149014,"EKO","K75USW","N/A","Australia","China",189.34,15318.517823999999,"LCD","0.33","0.0","0.0",228.91,"N/A","N/A",840,"Approved","2027-09-01","N/A","Single product class","Available",3.5,"3.586921820264716","https://reg.energyrating.gov.au/static/common/images/star_ratings_2014/EnergyStarRating_3.5_Star.eps","https://reg.energyrating.gov.au/static/common/images/star_ratings_2014/Star-rating-3.5.png","Internal","Digital","AS/NZS 62087.1:2010","ATV5218","Greenhouse and Energy Minimum Standards (Televisions) Determination 2013",75
149024,"BLAUPUNKT","BP650USG9700","N/A","Australia","China",163.132,11402.6,"LCD","0.34","0.34","7.0",124.968,"N/A","N/A",512,"Approved","2027-08-28","N/A","Single product class","Available",4.5,"4.5493455240483325","https://reg.energyrating.gov.au/static/common/images/star_ratings_2014/EnergyStarRating_4.5_Star.eps","https://reg.energyrating.gov.au/static/common/images/star_ratings_2014/Star-rating-4.5.png","Internal","Analogue/Digital","AS/NZS 62087.1:2010","ATV5209","Greenhouse and Energy Minimum Standards (Televisions) Determination 2013",64
149055,"ENGLAON","LED40X70","Smart LED TV","Australia","China",100.722,4312,"LCD (LED)","-","-","-",36.27,"N/A","N/A",140,"Approved","2027-08-28","N/A","Single product class","Available",6,"6.409737527786951","https://reg.energyrating.gov.au/static/common/images/star_ratings_2014/EnergyStarRating_6_Star.eps","https://reg.energyrating.gov.au/static/common/images/star_ratings_2014/Star-rating-6.png","Internal","Analogue/Digital","AS/NZS 62087.1:2010","ATV5201","Greenhouse and Energy Minimum Standards (Televisions) Determination 2013",40
149055,"ENGLAON","LED40X90","Smart LED TV","Australia","China",100.722,4312,"LCD (LED)","-","-","-",36.27,"N/A","N/A",140,"Approved","2027-08-28","N/A","Single product class","Available",6,"6.409737527786951","https://reg.energyrating.gov.au/static/common/images/star_ratings_2014/EnergyStarRating_6_Star.eps","https://reg.energyrating.gov.au/static/common/images/star_ratings_2014/Star-rating-6.png","Internal","Analogue/Digital","AS/NZS 62087.1:2010","ATV5201","Greenhouse and Energy Minimum Standards (Televisions) Determination 2013",40
149055,"ENGLAON","Smart LED TV","Smart LED TV","Australia","China",100.722,4312,"LCD (LED)","-","-","-",36.27,"N/A","N/A",140,"Approved","2027-08-28","N/A","Single product class","Available",6,"6.409737527786951","https://reg.energyrating.gov.au/static/common/images/star_ratings_2014/EnergyStarRating_6_Star.eps","https://reg.energyrating.gov.au/static/common/images/star_ratings_2014/Star-rating-6.png","Internal","Analogue/Digital","AS/NZS 62087.1:2010","ATV5201","Greenhouse and Energy Minimum Standards (Televisions) Determination 2013",40
149170,"EKO","K400DVD","N/A","Australia","China",100.332,4261.934154240001,"LCD","0.27","0.0","0.0",47.02,"N/A","N/A",175,"Approved","2027-08-28","N/A","Single product class","Available",5,"5.364749558330739","https://reg.energyrating.gov.au/static/common/images/star_ratings_2014/EnergyStarRating_5_Star.eps","https://reg.energyrating.gov.au/static/common/images/star_ratings_2014/Star-rating-5.png","Internal","Digital","AS/NZS 62087.1:2010","ATV5199","Greenhouse and Energy Minimum Standards (Televisions) Determination 2013",40
149174,"BLAUPUNKT","BP750USG9700","N/A","Australia","China",188.424,15195.659999999998,"LCD","0.392","0.0","0.0",221.6,"N/A","N/A",811,"Approved","2027-08-28","N/A","Single product class","Available",3.5,"3.7098681994864435","https://reg.energyrating.gov.au/static/common/images/star_ratings_2014/EnergyStarRating_3.5_Star.eps","https://reg.energyrating.gov.au/static/common/images/star_ratings_2014/Star-rating-3.5.png","Internal","Analogue/Digital","AS/NZS 62087.1:2010","ATV5198","Greenhouse and Energy Minimum Standards (Televisions) Determination 2013",74
149209,"EKO","K500USG","N/A","Australia","China",125.251,6725.3,"LCD","0.38","0.0","0.0",102.36,"N/A","N/A",376,"Approved","2027-08-29","N/A","Single product class","Available",3.5,"3.74369813786958","https://reg.energyrating.gov.au/static/common/images/star_ratings_2014/EnergyStarRating_3.5_Star.eps","https://reg.energyrating.gov.au/static/common/images/star_ratings_2014/Star-rating-3.5.png","Internal","Analogue/Digital","AS/NZS 62087.1:2010","ATV5213","Greenhouse and Energy Minimum Standards (Televisions) Determination 2013",49
149267,"BLAUPUNKT","BP85WOS","N/A","Australia","China",214.783,19712.16,"LCD","0.12","0.12","4.0",203.32,"N/A","N/A",743,"Approved","2027-08-30","N/A","Single product class","Available",5,"5.223029669542332","https://reg.energyrating.gov.au/static/common/images/star_ratings_2014/EnergyStarRating_5_Star.eps","https://reg.energyrating.gov.au/static/common/images/star_ratings_2014/Star-rating-5.png","Internal","Analogue/Digital","AS/NZS 62087.1:2010","ATV5214","Greenhouse and Energy Minimum Standards (Televisions) Determination 2013",85
149327,"ENGLAON","LED32X70","Smart LED TV","Australia","China",80.784,2797.9399999999996,"LCD (LED)","-","-","-",38.46,"N/A","N/A",148,"Approved","2027-08-28","N/A","Single product class","Available",4.5,"4.54903877620938","https://reg.energyrating.gov.au/static/common/images/star_ratings_2014/EnergyStarRating_4.5_Star.eps","https://reg.energyrating.gov.au/static/common/images/star_ratings_2014/Star-rating-4.5.png","Internal","Analogue/Digital","AS/NZS 62087.1:2010","ATV5202","Greenhouse and Energy Minimum Standards (Televisions) Determination 2013",32
149327,"ENGLAON","LED32X90","Smart LED TV","Australia","China",80.784,2797.9399999999996,"LCD (LED)","-","-","-",38.46,"N/A","N/A",148,"Approved","2027-08-28","N/A","Single product class","Available",4.5,"4.54903877620938","https://reg.energyrating.gov.au/static/common/images/star_ratings_2014/EnergyStarRating_4.5_Star.eps","https://reg.energyrating.gov.au/static/common/images/star_ratings_2014/Star-rating-4.5.png","Internal","Analogue/Digital","AS/NZS 62087.1:2010","ATV5202","Greenhouse and Energy Minimum Standards (Televisions) Determination 2013",32
149327,"ENGLAON","Smart LED TV","Smart LED TV","Australia","China",80.784,2797.9399999999996,"LCD (LED)","-","-","-",38.46,"N/A","N/A",148,"Approved","2027-08-28","N/A","Single product class","Available",4.5,"4.54903877620938","https://reg.energyrating.gov.au/static/common/images/star_ratings_2014/EnergyStarRating_4.5_Star.eps","https://reg.energyrating.gov.au/static/common/images/star_ratings_2014/Star-rating-4.5.png","Internal","Analogue/Digital","AS/NZS 62087.1:2010","ATV5202","Greenhouse and Energy Minimum Standards (Televisions) Determination 2013",32
149504,"BAUHN","ATV60UHDW-1023","N/A","Australia","China",152.444,9908.5,"LCD","0.26","0.0","0.0",80.7,"N/A","N/A",296,"Approved","2028-07-31","N/A","Single product class","Available",6,"6.414531262205091","https://reg.energyrating.gov.au/static/common/images/star_ratings_2014/EnergyStarRating_6_Star.eps","https://reg.energyrating.gov.au/static/common/images/star_ratings_2014/Star-rating-6.png","Internal","Digital","AS/NZS 62087.1:2010","ATV5737","Greenhouse and Energy Minimum Standards (Televisions) Determination 2013",60
149533,"BLAUPUNKT","BP240HSG9700","N/A","Australia","China",59.814,1528.2233999999999,"LCD (LED)","-","-","-",25,"N/A","N/A",105,"Approved","2027-09-14","N/A","Single product class","Available",4,"4.066544909449641","https://reg.energyrating.gov.au/static/common/images/star_ratings_2014/EnergyStarRating_4_Star.eps","https://reg.energyrating.gov.au/static/common/images/star_ratings_2014/Star-rating-4.png","EPS","Analogue/Digital","AS/NZS 62087.1:2010","ATV5228","Greenhouse and Energy Minimum Standards (Televisions) Determination 2013",24
149553,"EKO","K240HSG","N/A","Australia","China",59.814,1528.2233999999999,"LCD (LED)","-","-","-",25,"N/A","N/A",105,"Approved","2027-09-14","N/A","Single product class","Available",4,"4.066544909449641","https://reg.energyrating.gov.au/static/common/images/star_ratings_2014/EnergyStarRating_4_Star.eps","https://reg.energyrating.gov.au/static/common/images/star_ratings_2014/Star-rating-4.png","EPS","Analogue/Digital","AS/NZS 62087.1:2010","ATV5229","Greenhouse and Energy Minimum Standards (Televisions) Determination 2013",24
149580,"BLAUPUNKT","BP430FSG9700","N/A","Australia","China",107.863,4972.599999999999,"LCD","0.245","0.0","0.0",47.76,"N/A","N/A",176,"Approved","2027-09-14","N/A","Single product class","Available",5.5,"5.939024818081758","https://reg.energyrating.gov.au/static/common/images/star_ratings_2014/EnergyStarRating_5.5_Star.eps","https://reg.energyrating.gov.au/static/common/images/star_ratings_2014/Star-rating-5.5.png","Internal","Analogue/Digital","AS/NZS 62087.1:2010","ATV5227","Greenhouse and Energy Minimum Standards (Televisions) Determination 2013",42
149585,"EKO","K43FSG11","N/A","Australia","China",107.863,4972.599999999999,"LCD","0.245","0.0","0.0",47.76,"N/A","N/A",176,"Approved","2027-09-15","N/A","Single product class","Available",5.5,"5.939024818081758","https://reg.energyrating.gov.au/static/common/images/star_ratings_2014/EnergyStarRating_5.5_Star.eps","https://reg.energyrating.gov.au/static/common/images/star_ratings_2014/Star-rating-5.5.png","Internal","Analogue/Digital","AS/NZS 62087.1:2010","ATV5235","Greenhouse and Energy Minimum Standards (Televisions) Determination 2013",42
149830,"EKO","K750USG","N/A","Australia","China",189.34,15318.517823999999,"LCD","0.41","0.0","0.0",259.3,"N/A","N/A",949,"Approved","2027-09-14","N/A","Single product class","Available",3,"3.040157613752783","https://reg.energyrating.gov.au/static/common/images/star_ratings_2014/EnergyStarRating_3_Star.eps","https://reg.energyrating.gov.au/static/common/images/star_ratings_2014/Star-rating-3.png","Internal","Analogue/Digital","AS/NZS 62087.1:2010","ATV5232","Greenhouse and Energy Minimum Standards (Televisions) Determination 2013",75
149831,"BLAUPUNKT","BP750USG9700","N/A","Australia","China",189.34,15318.517823999999,"LCD","0.41","0.0","0.0",259.3,"N/A","N/A",949,"Approved","2027-09-15","N/A","Single product class","Available",3,"3.040157613752783","https://reg.energyrating.gov.au/static/common/images/star_ratings_2014/EnergyStarRating_3_Star.eps","https://reg.energyrating.gov.au/static/common/images/star_ratings_2014/Star-rating-3.png","Internal","Analogue/Digital","AS/NZS 62087.1:2010","ATV5233","Greenhouse and Energy Minimum Standards (Televisions) Determination 2013",75
149834,"EKO","K40FSW","N/A","Australia","China",100.332,4261.934154240001,"LCD","0.33","0.0","0.0",40.38,"N/A","N/A",151,"Approved","2027-09-14","N/A","Single product class","Available",6,"6.025786528657009","https://reg.energyrating.gov.au/static/common/images/star_ratings_2014/EnergyStarRating_6_Star.eps","https://reg.energyrating.gov.au/static/common/images/star_ratings_2014/Star-rating-6.png","Internal","Digital","AS/NZS 62087.1:2010","ATV5231","Greenhouse and Energy Minimum Standards (Televisions) Determination 2013",40
149838,"EKO","K70USW","N/A","Australia","China",176.538,13380.468019200001,"LCD","0.48","0.0","0.0",171.7,"N/A","N/A",630,"Approved","2027-09-14","N/A","Single product class","Available",4,"4.298248697364598","https://reg.energyrating.gov.au/static/common/images/star_ratings_2014/EnergyStarRating_4_Star.eps","https://reg.energyrating.gov.au/static/common/images/star_ratings_2014/Star-rating-4.png","Internal","Digital","AS/NZS 62087.1:2010","ATV5230","Greenhouse and Energy Minimum Standards (Televisions) Determination 2013",70
149839,"EKO","K700USG","N/A","Australia","China",176.538,13380.468019200001,"LCD","0.27","0.0","0.0",189.9,"N/A","N/A",695,"Approved","2027-09-15","N/A","Single product class","Available",3.5,"3.858208975844934","https://reg.energyrating.gov.au/static/common/images/star_ratings_2014/EnergyStarRating_3.5_Star.eps","https://reg.energyrating.gov.au/static/common/images/star_ratings_2014/Star-rating-3.5.png","Internal","Digital","AS/NZS 62087.1:2010","ATV5234","Greenhouse and Energy Minimum Standards (Televisions) Determination 2013",70
149841,"JVC","LT-75N7125A11","N/A","Australia","China",188.424,15195.659999999998,"LCD","0.392","0.0","0.0",221.6,"N/A","N/A",811,"Approved","2027-09-11","N/A","Single product class","Available",3.5,"3.7098681994864435","https://reg.energyrating.gov.au/static/common/images/star_ratings_2014/EnergyStarRating_3.5_Star.eps","https://reg.energyrating.gov.au/static/common/images/star_ratings_2014/Star-rating-3.5.png","Internal","Analogue/Digital","AS/NZS 62087.1:2010","ATV5223","Greenhouse and Energy Minimum Standards (Televisions) Determination 2013",74
150089,"JVC","AV-HQ507115A11","N/A","Australia","China",126.112,6771.15,"LCD","0.329","0.329","7.0",101.98,"N/A","N/A",374,"Approved","2027-09-25","N/A","Single product class","Available",3.5,"3.7951848555621974","https://reg.energyrating.gov.au/static/common/images/star_ratings_2014/EnergyStarRating_3.5_Star.eps","https://reg.energyrating.gov.au/static/common/images/star_ratings_2014/Star-rating-3.5.png","Internal","Analogue/Digital","AS/NZS 62087.1:2010","ATV5241","Greenhouse and Energy Minimum Standards (Televisions) Determination 2013",50
150091,"JVC","LT-50NQ7115A11","N/A","Australia","China",125.093,6676.92,"LCD","0.45","0.0","0.0",60.73,"N/A","N/A",253,"Approved","2027-09-25","N/A","Single product class","Available",5,"5.489942004042138","https://reg.energyrating.gov.au/static/common/images/star_ratings_2014/EnergyStarRating_5_Star.eps","https://reg.energyrating.gov.au/static/common/images/star_ratings_2014/Star-rating-5.png","Internal","Digital","AS/NZS 62087.1:2010","ATV5242","Greenhouse and Energy Minimum Standards (Televisions) Determination 2013",49
150155,"JVC","LT-32N3135A","N/A","Australia","China",80.039,2736.70931232,"LCD (LED)","0.41662","2.2232","14.0",24.687,"N/A","N/A",110,"Approved","2027-09-27","N/A","Single product class","Available",5.5,"5.799685441574415","https://reg.energyrating.gov.au/static/common/images/star_ratings_2014/EnergyStarRating_5.5_Star.eps","https://reg.energyrating.gov.au/static/common/images/star_ratings_2014/Star-rating-5.5.png","EPS","Analogue/Digital","AS/NZS 62087.1:2010","ATV5246","Greenhouse and Energy Minimum Standards (Televisions) Determination 2013",32
150327,"JVC","LT-55NQ7105A11","N/A","Australia","China",138.783,8230.118400000001,"LCD","0.4","0.0","0.0",72.4,"N/A","N/A",330,"Approved","2027-10-03","N/A","Single product class","Available",5,"5.15546094080525","https://reg.energyrating.gov.au/static/common/images/star_ratings_2014/EnergyStarRating_5_Star.eps","https://reg.energyrating.gov.au/static/common/images/star_ratings_2014/Star-rating-5.png","Internal","Digital","AS/NZS 62087.1:2010","ATV5254","Greenhouse and Energy Minimum Standards (Televisions) Determination 2013",55
150418,"TEAC","LE24A322","N/A","Australia","China",59.824,1528.86807072,"LCD (LED)","-","-","-",22.1,"N/A","N/A",83,"Approved","2027-10-16","N/A","Single product class","Unavailable",5,"5.121511445327967","https://reg.energyrating.gov.au/static/common/images/star_ratings_2014/EnergyStarRating_5_Star.eps","https://reg.energyrating.gov.au/static/common/images/star_ratings_2014/Star-rating-5.png","EPS","Analogue/Digital","AS/NZS 62087.1:2010","ATV5269","Greenhouse and Energy Minimum Standards (Televisions) Determination 2013",24
150467,"TEAC","LEV24A122","N/A","Australia","China",59.824,1528.86807072,"LCD (LED)","-","-","-",22.5,"N/A","N/A",83,"Approved","2027-10-13","N/A","Single product class","Unavailable",5,"5.121511445327967","https://reg.energyrating.gov.au/static/common/images/star_ratings_2014/EnergyStarRating_5_Star.eps","https://reg.energyrating.gov.au/static/common/images/star_ratings_2014/Star-rating-5.png","EPS","Analogue/Digital","AS/NZS 62087.1:2010","ATV5262","Greenhouse and Energy Minimum Standards (Televisions) Determination 2013",24
150478,"ENGLAON","LED24M30","N/A","Australia","China",60.542,1570.46,"LCD (LED)","-","-","-",29.05,"N/A","N/A",108,"Approved","2027-10-17","N/A","Single product class","Available",4,"4.024438873622773","https://reg.energyrating.gov.au/static/common/images/star_ratings_2014/EnergyStarRating_4_Star.eps","https://reg.energyrating.gov.au/static/common/images/star_ratings_2014/Star-rating-4.png","Internal","Analogue/Digital","AS/NZS 62087.1:2010","ATV5270","Greenhouse and Energy Minimum Standards (Televisions) Determination 2013",24
150479,"ENGLAON","LED24X70","LED24X70, LED24X90","Australia","China",61.928,1686.44,"LCD (LED)","-","-","-",25.84,"N/A","N/A",102,"Approved","2027-10-17","N/A","Single product class","Available",4.5,"4.5038244549102","https://reg.energyrating.gov.au/static/common/images/star_ratings_2014/EnergyStarRating_4.5_Star.eps","https://reg.energyrating.gov.au/static/common/images/star_ratings_2014/Star-rating-4.5.png","Internal","Analogue/Digital","AS/NZS 62087.1:2010","ATV5271","Greenhouse and Energy Minimum Standards (Televisions) Determination 2013",24
150479,"ENGLAON","LED24X90","LED24X70, LED24X90","Australia","China",61.928,1686.44,"LCD (LED)","-","-","-",25.84,"N/A","N/A",102,"Approved","2027-10-17","N/A","Single product class","Available",4.5,"4.5038244549102","https://reg.energyrating.gov.au/static/common/images/star_ratings_2014/EnergyStarRating_4.5_Star.eps","https://reg.energyrating.gov.au/static/common/images/star_ratings_2014/Star-rating-4.5.png","Internal","Analogue/Digital","AS/NZS 62087.1:2010","ATV5271","Greenhouse and Energy Minimum Standards (Televisions) Determination 2013",24
150479,"ENGLAON","LED24X70, LED24X90","LED24X70, LED24X90","Australia","China",61.928,1686.44,"LCD (LED)","-","-","-",25.84,"N/A","N/A",102,"Approved","2027-10-17","N/A","Single product class","Available",4.5,"4.5038244549102","https://reg.energyrating.gov.au/static/common/images/star_ratings_2014/EnergyStarRating_4.5_Star.eps","https://reg.energyrating.gov.au/static/common/images/star_ratings_2014/Star-rating-4.5.png","Internal","Analogue/Digital","AS/NZS 62087.1:2010","ATV5271","Greenhouse and Energy Minimum Standards (Televisions) Determination 2013",24
150555,"TEAC","LEV24A423","N/A","Australia","China",59.824,1528.86807072,"LCD (LED)","-","-","-",22.2,"N/A","N/A",83,"Approved","2027-10-19","N/A","Single product class","Available",5,"5.121511445327967","https://reg.energyrating.gov.au/static/common/images/star_ratings_2014/EnergyStarRating_5_Star.eps","https://reg.energyrating.gov.au/static/common/images/star_ratings_2014/Star-rating-5.png","EPS","Analogue/Digital","AS/NZS 62087.1:2010","ATV5272","Greenhouse and Energy Minimum Standards (Televisions) Determination 2013",24
150674,"KOGAN","KALED42RF7510SPA","KALED42RF7510SP*","Australia","China",105.415,4682.676096,"LCD (LED)","-","-","-",44.2,"N/A","N/A",180,"Approved","2027-10-25","N/A","Single product class","Available",5.5,"5.6032243611452595","https://reg.energyrating.gov.au/static/common/images/star_ratings_2014/EnergyStarRating_5.5_Star.eps","https://reg.energyrating.gov.au/static/common/images/star_ratings_2014/Star-rating-5.5.png","Internal","Analogue/Digital","AS/NZS 62087.1:2010","ATV5278","Greenhouse and Energy Minimum Standards (Televisions) Determination 2013",42
150691,"TEAC","LEV32A423","LEV32A *423 *422","Australia","China",80.039,2736.7112736,"LCD (LED)","-","-","-",33.3,"N/A","N/A",124,"Approved","2027-11-07","N/A","Single product class","Available",5,"5.26280849184812","https://reg.energyrating.gov.au/static/common/images/star_ratings_2014/EnergyStarRating_5_Star.eps","https://reg.energyrating.gov.au/static/common/images/star_ratings_2014/Star-rating-5.png","EPS","Analogue/Digital","AS/NZS 62087.1:2010","ATV5292","Greenhouse and Energy Minimum Standards (Televisions) Determination 2013",32
150691,"TEAC","LEV32A422","LEV32A *423 *422","Australia","China",80.039,2736.7112736,"LCD (LED)","-","-","-",33.3,"N/A","N/A",124,"Approved","2027-11-07","N/A","Single product class","Available",5,"5.26280849184812","https://reg.energyrating.gov.au/static/common/images/star_ratings_2014/EnergyStarRating_5_Star.eps","https://reg.energyrating.gov.au/static/common/images/star_ratings_2014/Star-rating-5.png","EPS","Analogue/Digital","AS/NZS 62087.1:2010","ATV5292","Greenhouse and Energy Minimum Standards (Televisions) Determination 2013",32
150691,"TEAC","LEV32A *423 *422","LEV32A *423 *422","Australia","China",80.039,2736.7112736,"LCD (LED)","-","-","-",33.3,"N/A","N/A",124,"Approved","2027-11-07","N/A","Single product class","Available",5,"5.26280849184812","https://reg.energyrating.gov.au/static/common/images/star_ratings_2014/EnergyStarRating_5_Star.eps","https://reg.energyrating.gov.au/static/common/images/star_ratings_2014/Star-rating-5.png","EPS","Analogue/Digital","AS/NZS 62087.1:2010","ATV5292","Greenhouse and Energy Minimum Standards (Televisions) Determination 2013",32
150674,"KOGAN","KALED42RF7510SPB","KALED42RF7510SP*","Australia","China",105.415,4682.676096,"LCD (LED)","-","-","-",44.2,"N/A","N/A",180,"Approved","2027-10-25","N/A","Single product class","Available",5.5,"5.6032243611452595","https://reg.energyrating.gov.au/static/common/images/star_ratings_2014/EnergyStarRating_5.5_Star.eps","https://reg.energyrating.gov.au/static/common/images/star_ratings_2014/Star-rating-5.5.png","Internal","Analogue/Digital","AS/NZS 62087.1:2010","ATV5278","Greenhouse and Energy Minimum Standards (Televisions) Determination 2013",42
150674,"KOGAN","KALED42RF7510SPC","KALED42RF7510SP*","Australia","China",105.415,4682.676096,"LCD (LED)","-","-","-",44.2,"N/A","N/A",180,"Approved","2027-10-25","N/A","Single product class","Available",5.5,"5.6032243611452595","https://reg.energyrating.gov.au/static/common/images/star_ratings_2014/EnergyStarRating_5.5_Star.eps","https://reg.energyrating.gov.au/static/common/images/star_ratings_2014/Star-rating-5.5.png","Internal","Analogue/Digital","AS/NZS 62087.1:2010","ATV5278","Greenhouse and Energy Minimum Standards (Televisions) Determination 2013",42
150674,"KOGAN","KALED42RF7510SPD","KALED42RF7510SP*","Australia","China",105.415,4682.676096,"LCD (LED)","-","-","-",44.2,"N/A","N/A",180,"Approved","2027-10-25","N/A","Single product class","Available",5.5,"5.6032243611452595","https://reg.energyrating.gov.au/static/common/images/star_ratings_2014/EnergyStarRating_5.5_Star.eps","https://reg.energyrating.gov.au/static/common/images/star_ratings_2014/Star-rating-5.5.png","Internal","Analogue/Digital","AS/NZS 62087.1:2010","ATV5278","Greenhouse and Energy Minimum Standards (Televisions) Determination 2013",42
150674,"KOGAN","KALED42RF7510SP*","KALED42RF7510SP*","Australia","China",105.415,4682.676096,"LCD (LED)","-","-","-",44.2,"N/A","N/A",180,"Approved","2027-10-25","N/A","Single product class","Available",5.5,"5.6032243611452595","https://reg.energyrating.gov.au/static/common/images/star_ratings_2014/EnergyStarRating_5.5_Star.eps","https://reg.energyrating.gov.au/static/common/images/star_ratings_2014/Star-rating-5.5.png","Internal","Analogue/Digital","AS/NZS 62087.1:2010","ATV5278","Greenhouse and Energy Minimum Standards (Televisions) Determination 2013",42
150691,"TEAC","LEV24A422","LEV32A *423 *422","Australia","China",80.039,2736.7112736,"LCD (LED)","-","-","-",33.3,"N/A","N/A",124,"Approved","2027-11-07","N/A","Single product class","Available",5,"5.26280849184812","https://reg.energyrating.gov.au/static/common/images/star_ratings_2014/EnergyStarRating_5_Star.eps","https://reg.energyrating.gov.au/static/common/images/star_ratings_2014/Star-rating-5.png","EPS","Analogue/Digital","AS/NZS 62087.1:2010","ATV5292","Greenhouse and Energy Minimum Standards (Televisions) Determination 2013",32
151436,"YOKOHAMA","YOKT55Q8","N/A","Australia","Australia",139.332,8286.300000000001,"LCD","-","-","-",75.58,"N/A","N/A",278,"Approved","2027-12-03","N/A","Single product class","Available",5.5,"5.952001359469709","https://reg.energyrating.gov.au/static/common/images/star_ratings_2014/EnergyStarRating_5.5_Star.eps","https://reg.energyrating.gov.au/static/common/images/star_ratings_2014/Star-rating-5.5.png","Internal","Analogue/Digital","AS/NZS 62087.1:2010","ATV5361","Greenhouse and Energy Minimum Standards (Televisions) Determination 2013",55
151437,"YOKOHAMA","YOKT65Q8","N/A","Australia","Australia",164.003,11482.9,"LCD","-","-","-",148.05,"N/A","N/A",542,"Approved","2027-12-01","N/A","Single product class","Available",4,"4.323802247529118","https://reg.energyrating.gov.au/static/common/images/star_ratings_2014/EnergyStarRating_4_Star.eps","https://reg.energyrating.gov.au/static/common/images/star_ratings_2014/Star-rating-4.png","Internal","Analogue/Digital","AS/NZS 62087.1:2010","ATV5352","Greenhouse and Energy Minimum Standards (Televisions) Determination 2013",65
151572,"PRISM+","Q55U","N/A","Australia","China",138.731,8226.036000000002,"LCD (LED)","-","-","-",73.254,"N/A","N/A",304,"Approved","2027-12-13","N/A","Single product class","Available",5.5,"5.521179398294896","https://reg.energyrating.gov.au/static/common/images/star_ratings_2014/EnergyStarRating_5.5_Star.eps","https://reg.energyrating.gov.au/static/common/images/star_ratings_2014/Star-rating-5.5.png","Internal","Analogue/Digital","AS/NZS 62087.1:2010","ATV5375","Greenhouse and Energy Minimum Standards (Televisions) Determination 2013",55
151696,"PRISM+","Q65U","N/A","Australia","China",163.897,11477.9975,"LCD (LED)","-","-","-",110.448,"N/A","N/A",465,"Approved","2027-12-13","N/A","Single product class","Available",5,"5.0086802835918505","https://reg.energyrating.gov.au/static/common/images/star_ratings_2014/EnergyStarRating_5_Star.eps","https://reg.energyrating.gov.au/static/common/images/star_ratings_2014/Star-rating-5.png","Internal","Analogue/Digital","AS/NZS 62087.1:2010","ATV5382","Greenhouse and Energy Minimum Standards (Televisions) Determination 2013",65
146564,"BAUHN","ATV32HDG-0423","ATV32HDG-0722","Australia","China",79.967,2732.2400000000002,"LCD (LED)","0.35","0.35","0.0",28,"N/A","N/A",104,"Approved","2027-05-01","N/A","Single product class","Available",6,"6.04521473860549","https://reg.energyrating.gov.au/static/common/images/star_ratings_2014/EnergyStarRating_6_Star.eps","https://reg.energyrating.gov.au/static/common/images/star_ratings_2014/Star-rating-6.png","Internal","Digital","AS/NZS 62087.1:2010","ATV5025","Greenhouse and Energy Minimum Standards (Televisions) Determination 2013",31
146564,"BAUHN","ATV32HDG-1022","ATV32HDG-0722","Australia","China",79.967,2732.2400000000002,"LCD (LED)","0.35","0.35","0.0",28,"N/A","N/A",104,"Approved","2027-05-01","N/A","Single product class","Available",6,"6.04521473860549","https://reg.energyrating.gov.au/static/common/images/star_ratings_2014/EnergyStarRating_6_Star.eps","https://reg.energyrating.gov.au/static/common/images/star_ratings_2014/Star-rating-6.png","Internal","Digital","AS/NZS 62087.1:2010","ATV5025","Greenhouse and Energy Minimum Standards (Televisions) Determination 2013",31
146564,"BAUHN","ATV32HDG-0722","ATV32HDG-0722","Australia","China",79.967,2732.2400000000002,"LCD (LED)","0.35","0.35","0.0",28,"N/A","N/A",104,"Approved","2027-05-01","N/A","Single product class","Available",6,"6.04521473860549","https://reg.energyrating.gov.au/static/common/images/star_ratings_2014/EnergyStarRating_6_Star.eps","https://reg.energyrating.gov.au/static/common/images/star_ratings_2014/Star-rating-6.png","Internal","Digital","AS/NZS 62087.1:2010","ATV5025","Greenhouse and Energy Minimum Standards (Televisions) Determination 2013",31
152060,"EKO","K650USG","N/A","Australia","China",163.896,11478.122496000002,"LCD","0.354956","0.3576","14.0",143.934,"N/A","N/A",554,"Approved","2028-01-16","N/A","Single product class","Available",4,"4.223907358866596","https://reg.energyrating.gov.au/static/common/images/star_ratings_2014/EnergyStarRating_4_Star.eps","https://reg.energyrating.gov.au/static/common/images/star_ratings_2014/Star-rating-4.png","Internal","Analogue/Digital","AS/NZS 62087.1:2010","ATV5453","Greenhouse and Energy Minimum Standards (Televisions) Determination 2013",65
152075,"EKO","K550USG","N/A","Australia","China",138.783,8230.118400000001,"LCD","0.361108","0.378244","14.0",91.788,"N/A","N/A",354,"Approved","2028-01-12","N/A","Single product class","Available",4.5,"4.840846163637017","https://reg.energyrating.gov.au/static/common/images/star_ratings_2014/EnergyStarRating_4.5_Star.eps","https://reg.energyrating.gov.au/static/common/images/star_ratings_2014/Star-rating-4.5.png","Internal","Analogue/Digital","AS/NZS 62087.1:2010","ATV5451","Greenhouse and Energy Minimum Standards (Televisions) Determination 2013",55
152081,"EKO","K500USG","N/A","Australia","China",125.731,6754.867344,"LCD","0.361108","0.381588","14.0",86.21,"N/A","N/A",333,"Approved","2028-01-12","N/A","Single product class","Available",4,"4.305760303793525","https://reg.energyrating.gov.au/static/common/images/star_ratings_2014/EnergyStarRating_4_Star.eps","https://reg.energyrating.gov.au/static/common/images/star_ratings_2014/Star-rating-4.png","Internal","Analogue/Digital","AS/NZS 62087.1:2010","ATV5452","Greenhouse and Energy Minimum Standards (Televisions) Determination 2013",50
152138,"BLAUPUNKT","BP650USG9800","N/A","Australia","China",163.896,11478.122496000002,"LCD","0.354956","0.3576","14.0",143.934,"N/A","N/A",554,"Approved","2028-01-16","N/A","Single product class","Available",4,"4.223907358866596","https://reg.energyrating.gov.au/static/common/images/star_ratings_2014/EnergyStarRating_4_Star.eps","https://reg.energyrating.gov.au/static/common/images/star_ratings_2014/Star-rating-4.png","Internal","Analogue/Digital","AS/NZS 62087.1:2010","ATV5457","Greenhouse and Energy Minimum Standards (Televisions) Determination 2013",65
152455,"ENGLAON","LED27M80","27in Smart TV","Australia","Australia",77.186,2859.6425,"LCD (LED)","-","-","-",42.76,"N/A","N/A",158,"Approved","2028-02-07","N/A","Single product class","Available",4,"4.334385671321831","https://reg.energyrating.gov.au/static/common/images/star_ratings_2014/EnergyStarRating_4_Star.eps","https://reg.energyrating.gov.au/static/common/images/star_ratings_2014/Star-rating-4.png","Internal","Analogue/Digital","AS/NZS 62087.1:2010","ATV5488","Greenhouse and Energy Minimum Standards (Televisions) Determination 2013",30
152455,"ENGLAON","LED27X80","27in Smart TV","Australia","Australia",77.186,2859.6425,"LCD (LED)","-","-","-",42.76,"N/A","N/A",158,"Approved","2028-02-07","N/A","Single product class","Available",4,"4.334385671321831","https://reg.energyrating.gov.au/static/common/images/star_ratings_2014/EnergyStarRating_4_Star.eps","https://reg.energyrating.gov.au/static/common/images/star_ratings_2014/Star-rating-4.png","Internal","Analogue/Digital","AS/NZS 62087.1:2010","ATV5488","Greenhouse and Energy Minimum Standards (Televisions) Determination 2013",30
152455,"ENGLAON","27in Smart TV","27in Smart TV","Australia","Australia",77.186,2859.6425,"LCD (LED)","-","-","-",42.76,"N/A","N/A",158,"Approved","2028-02-07","N/A","Single product class","Available",4,"4.334385671321831","https://reg.energyrating.gov.au/static/common/images/star_ratings_2014/EnergyStarRating_4_Star.eps","https://reg.energyrating.gov.au/static/common/images/star_ratings_2014/Star-rating-4.png","Internal","Analogue/Digital","AS/NZS 62087.1:2010","ATV5488","Greenhouse and Energy Minimum Standards (Televisions) Determination 2013",30
152812,"JVC","LT-43N5135A","N/A","Australia","China",107.863,4972.599999999999,"LCD","0.261","0.0","0.0",55.635,"N/A","N/A",205,"Approved","2028-02-28","N/A","Single product class","Available",5,"5.255491804459134","https://reg.energyrating.gov.au/static/common/images/star_ratings_2014/EnergyStarRating_5_Star.eps","https://reg.energyrating.gov.au/static/common/images/star_ratings_2014/Star-rating-5.png","Internal","Analogue/Digital","AS/NZS 62087.1:2010","ATV5511","Greenhouse and Energy Minimum Standards (Televisions) Determination 2013",42
153140,"JVC","AV-J323135A","N/A","Australia","China",80.039,2736.70931232,"LCD (LED)","0.41662","2.2232","14.0",24.687,"N/A","N/A",110,"Approved","2028-03-19","N/A","Single product class","Available",5.5,"5.799685441574415","https://reg.energyrating.gov.au/static/common/images/star_ratings_2014/EnergyStarRating_5.5_Star.eps","https://reg.energyrating.gov.au/static/common/images/star_ratings_2014/Star-rating-5.5.png","EPS","Analogue/Digital","AS/NZS 62087.1:2010","ATV5522","Greenhouse and Energy Minimum Standards (Televisions) Determination 2013",32
153462,"JVC","AV-J243145A","N/A","Australia","China",59.824,1528.86807072,"LCD (LED)","0.4871","0.4363","14.0",17.0946,"N/A","N/A",70,"Approved","2028-04-03","N/A","Single product class","Available",5.5,"5.884900594348791","https://reg.energyrating.gov.au/static/common/images/star_ratings_2014/EnergyStarRating_5.5_Star.eps","https://reg.energyrating.gov.au/static/common/images/star_ratings_2014/Star-rating-5.5.png","EPS","Analogue/Digital","AS/NZS 62087.1:2010","ATV5544","Greenhouse and Energy Minimum Standards (Televisions) Determination 2013",24
153609,"JVC","LT-50N7145A","N/A","Australia","China",125.251,6725.3,"LCD","0.38","0.0","0.0",102.36,"N/A","N/A",376,"Approved","2028-04-12","N/A","Single product class","Available",3.5,"3.74369813786958","https://reg.energyrating.gov.au/static/common/images/star_ratings_2014/EnergyStarRating_3.5_Star.eps","https://reg.energyrating.gov.au/static/common/images/star_ratings_2014/Star-rating-3.5.png","Internal","Analogue/Digital","AS/NZS 62087.1:2010","ATV5569","Greenhouse and Energy Minimum Standards (Televisions) Determination 2013",49
154059,"LOEWE","BILD 3.55 s2","N/A","Australia","Germany",138.798,8228,"OLED","0.26","0.8","1.0",96.5,"N/A","N/A",354,"Approved","2028-05-10","N/A","Single product class","Unavailable",4.5,"4.839782994637874","https://reg.energyrating.gov.au/static/common/images/star_ratings_2014/EnergyStarRating_4.5_Star.eps","https://reg.energyrating.gov.au/static/common/images/star_ratings_2014/Star-rating-4.5.png","Internal","Analogue/Digital","AS/NZS 62087.1:2010","ATV5629","Greenhouse and Energy Minimum Standards (Televisions) Determination 2013",55
154150,"LOEWE","WE SEE 43","LOEWE *43","Australia","Germany",107.95,4977.889999999999,"LCD (LED)","0.4","0.8","1.0",65.8,"N/A","N/A",243,"Approved","2028-05-08","N/A","Single product class","Available",4,"4.497596729556777","https://reg.energyrating.gov.au/static/common/images/star_ratings_2014/EnergyStarRating_4_Star.eps","https://reg.energyrating.gov.au/static/common/images/star_ratings_2014/Star-rating-4.png","Internal","Analogue/Digital","AS/NZS 62087.1:2010","ATV5623","Greenhouse and Energy Minimum Standards (Televisions) Determination 2013",42
154150,"LOEWE","C43","LOEWE *43","Australia","Germany",107.95,4977.889999999999,"LCD (LED)","0.4","0.8","1.0",65.8,"N/A","N/A",243,"Approved","2028-05-08","N/A","Single product class","Available",4,"4.497596729556777","https://reg.energyrating.gov.au/static/common/images/star_ratings_2014/EnergyStarRating_4_Star.eps","https://reg.energyrating.gov.au/static/common/images/star_ratings_2014/Star-rating-4.png","Internal","Analogue/Digital","AS/NZS 62087.1:2010","ATV5623","Greenhouse and Energy Minimum Standards (Televisions) Determination 2013",42
154150,"LOEWE","LOEWE *43","LOEWE *43","Australia","Germany",107.95,4977.889999999999,"LCD (LED)","0.4","0.8","1.0",65.8,"N/A","N/A",243,"Approved","2028-05-08","N/A","Single product class","Available",4,"4.497596729556777","https://reg.energyrating.gov.au/static/common/images/star_ratings_2014/EnergyStarRating_4_Star.eps","https://reg.energyrating.gov.au/static/common/images/star_ratings_2014/Star-rating-4.png","Internal","Analogue/Digital","AS/NZS 62087.1:2010","ATV5623","Greenhouse and Energy Minimum Standards (Televisions) Determination 2013",42
154120,"BLAUPUNKT","BP550USG9800","N/A","Australia","China",138.783,8230.118400000001,"LCD (LED)","0.356764","0.378244","14.0",91.788,"N/A","N/A",354,"Approved","2028-05-10","N/A","Single product class","Available",4.5,"4.840846163637017","https://reg.energyrating.gov.au/static/common/images/star_ratings_2014/EnergyStarRating_4.5_Star.eps","https://reg.energyrating.gov.au/static/common/images/star_ratings_2014/Star-rating-4.5.png","Internal","Analogue/Digital","AS/NZS 62087.1:2010","ATV5628","Greenhouse and Energy Minimum Standards (Televisions) Determination 2013",55
154153,"LOEWE","WE SEE 32","LED 32","Australia","Germany",80.054,2736.1600000000003,"LCD (LED)","0.4","0.8","1.0",34,"N/A","N/A",127,"Approved","2028-05-08","N/A","Single product class","Available",5,"5.154958966766685","https://reg.energyrating.gov.au/static/common/images/star_ratings_2014/EnergyStarRating_5_Star.eps","https://reg.energyrating.gov.au/static/common/images/star_ratings_2014/Star-rating-5.png","Internal","Analogue/Digital","AS/NZS 62087.1:2010","ATV5622","Greenhouse and Energy Minimum Standards (Televisions) Determination 2013",32
154153,"LOEWE","BILD C 32","LED 32","Australia","Germany",80.054,2736.1600000000003,"LCD (LED)","0.4","0.8","1.0",34,"N/A","N/A",127,"Approved","2028-05-08","N/A","Single product class","Available",5,"5.154958966766685","https://reg.energyrating.gov.au/static/common/images/star_ratings_2014/EnergyStarRating_5_Star.eps","https://reg.energyrating.gov.au/static/common/images/star_ratings_2014/Star-rating-5.png","Internal","Analogue/Digital","AS/NZS 62087.1:2010","ATV5622","Greenhouse and Energy Minimum Standards (Televisions) Determination 2013",32
154153,"LOEWE","LED 32","LED 32","Australia","Germany",80.054,2736.1600000000003,"LCD (LED)","0.4","0.8","1.0",34,"N/A","N/A",127,"Approved","2028-05-08","N/A","Single product class","Available",5,"5.154958966766685","https://reg.energyrating.gov.au/static/common/images/star_ratings_2014/EnergyStarRating_5_Star.eps","https://reg.energyrating.gov.au/static/common/images/star_ratings_2014/Star-rating-5.png","Internal","Analogue/Digital","AS/NZS 62087.1:2010","ATV5622","Greenhouse and Energy Minimum Standards (Televisions) Determination 2013",32
154156,"LOEWE","WE SEE 55","N/A","Australia","Germany",138.711,8221.2,"LCD (LED)","0.4","0.8","1.0",84,"N/A","N/A",309,"Approved","2028-05-08","N/A","Single product class","Available",5,"5.445642872344173","https://reg.energyrating.gov.au/static/common/images/star_ratings_2014/EnergyStarRating_5_Star.eps","https://reg.energyrating.gov.au/static/common/images/star_ratings_2014/Star-rating-5.png","Internal","Analogue/Digital","AS/NZS 62087.1:2010","ATV5621","Greenhouse and Energy Minimum Standards (Televisions) Determination 2013",55
154162,"LOEWE","WE SEE 50","N/A","Australia","Germany",125.638,6745.2,"LCD (LED)","0.4","0.8","1.0",68,"N/A","N/A",251,"Approved","2028-05-09","N/A","Single product class","Available",5.5,"5.566795994720792","https://reg.energyrating.gov.au/static/common/images/star_ratings_2014/EnergyStarRating_5.5_Star.eps","https://reg.energyrating.gov.au/static/common/images/star_ratings_2014/Star-rating-5.5.png","Internal","Analogue/Digital","AS/NZS 62087.1:2010","ATV5627","Greenhouse and Energy Minimum Standards (Televisions) Determination 2013",49
154089,"HUBBL GLASS","LT043A-04-FXTL","N/A","Australia","Poland",108.048,4996.71,"LCD (LED)","-","-","-",50.73,"N/A","N/A",200,"Approved","2028-05-09","N/A","Single product class","Available",5,"5.38515551905164","https://reg.energyrating.gov.au/static/common/images/star_ratings_2014/EnergyStarRating_5_Star.eps","https://reg.energyrating.gov.au/static/common/images/star_ratings_2014/Star-rating-5.png","Internal","Digital","AS/NZS 62087.1:2010","ATV5626","Greenhouse and Energy Minimum Standards (Televisions) Determination 2013",43
154094,"HUBBL GLASS","LT055A-04-FXTL","N/A","Australia","Poland",138.711,8221.2,"LCD (LED)","-","-","-",64.71,"N/A","N/A",240,"Approved","2028-05-07","N/A","Single product class","Available",6,"6.578108283365271","https://reg.energyrating.gov.au/static/common/images/star_ratings_2014/EnergyStarRating_6_Star.eps","https://reg.energyrating.gov.au/static/common/images/star_ratings_2014/Star-rating-6.png","Internal","Digital","AS/NZS 62087.1:2010","ATV5620","Greenhouse and Energy Minimum Standards (Televisions) Determination 2013",55
154403,"JVC","LT-32ND35A2","N/A","Australia","China",80.039,2736.7112736,"LCD (LED)","-","-","-",35.3,"N/A","N/A",150,"Approved","2028-05-21","N/A","Single product class","Available",4,"4.409753463503695","https://reg.energyrating.gov.au/static/common/images/star_ratings_2014/EnergyStarRating_4_Star.eps","https://reg.energyrating.gov.au/static/common/images/star_ratings_2014/Star-rating-4.png","Internal","Analogue/Digital","AS/NZS 62087.1:2010","ATV5634","Greenhouse and Energy Minimum Standards (Televisions) Determination 2013",32
155359,"HISENSE","32A4KAU","N/A","Australia","China",80.04,2736.7587940000003,"LCD (LED)","0.31","0.0","0.0",22.8,"N/A","N/A",93,"Approved","2028-07-05","N/A","Single product class","Available",6,"6.552094678514144","https://reg.energyrating.gov.au/static/common/images/star_ratings_2014/EnergyStarRating_6_Star.eps","https://reg.energyrating.gov.au/static/common/images/star_ratings_2014/Star-rating-6.png","Internal","Analogue/Digital","AS/NZS 62087.1:2010","ATV5695","Greenhouse and Energy Minimum Standards (Televisions) Determination 2013",32
155360,"HISENSE","40A4KAU","N/A","Australia","China",100.332,4261.906885,"LCD (LED)","0.28","0.0","0.0",29.07,"N/A","N/A",121,"Approved","2028-07-05","N/A","Single product class","Available",7,"7.018348467224255","https://reg.energyrating.gov.au/static/common/images/star_ratings_2014/EnergyStarRating_7_Star.eps","https://reg.energyrating.gov.au/static/common/images/star_ratings_2014/Star-rating-7.png","Internal","Analogue/Digital","AS/NZS 62087.1:2010","ATV5697","Greenhouse and Energy Minimum Standards (Televisions) Determination 2013",40
155912,"BAUHN","ATV40FHDG-1123","N/A","Australia","China",100.305,4258.3,"LCD (LED)","0.35","0.0","0.0",40,"N/A","N/A",148,"Approved","2028-08-12","N/A","Single product class","Available",6,"6.112434496987815","https://reg.energyrating.gov.au/static/common/images/star_ratings_2014/EnergyStarRating_6_Star.eps","https://reg.energyrating.gov.au/static/common/images/star_ratings_2014/Star-rating-6.png","Internal","Analogue/Digital","AS/NZS 62087.1:2010","ATV5745","Greenhouse and Energy Minimum Standards (Televisions) Determination 2013",39
155910,"JVC","AV-J323142A","N/A","Australia","China",80.039,2736.7112736,"LCD","0.39","0.0","0.0",39,"N/A","N/A",145,"Approved","2028-08-19","N/A","Single product class","Available",4.5,"4.561680559205172","https://reg.energyrating.gov.au/static/common/images/star_ratings_2014/EnergyStarRating_4.5_Star.eps","https://reg.energyrating.gov.au/static/common/images/star_ratings_2014/Star-rating-4.5.png","EPS","Analogue/Digital","AS/NZS 62087.1:2010","ATV5751","Greenhouse and Energy Minimum Standards (Televisions) Determination 2013",32
156324,"JVC","AV-JQ757115A","N/A","Australia","China",189.34,15318.517823999999,"LCD (LED)","0.38","0.27","4.0",117.5,"N/A","N/A",431,"Approved","2028-08-22","N/A","Single product class","Available",6,"6.577345687786619","https://reg.energyrating.gov.au/static/common/images/star_ratings_2014/EnergyStarRating_6_Star.eps","https://reg.energyrating.gov.au/static/common/images/star_ratings_2014/Star-rating-6.png","Internal","Analogue/Digital","AS/NZS 62087.1:2010","ATV5753","Greenhouse and Energy Minimum Standards (Televisions) Determination 2013",75
156394,"JVC","AV-J987145A","N/A","Australia","China",249.606,26714.079599999997,"LCD (LED)","0.98","0.97","7.0",237.4,"N/A","N/A",872,"Approved","2028-09-04","N/A","Single product class","Available",5.5,"5.827252980961725","https://reg.energyrating.gov.au/static/common/images/star_ratings_2014/EnergyStarRating_5.5_Star.eps","https://reg.energyrating.gov.au/static/common/images/star_ratings_2014/Star-rating-5.5.png","Internal","Analogue/Digital","AS/NZS 62087.1:2010","ATV5763","Greenhouse and Energy Minimum Standards (Televisions) Determination 2013",98
155089,"BAUHN","ATV70UHDW-0923","ATV70UHDW-****","Australia","China",176.592,13327.74,"LCD","0.51","0.0","0.0",107.4,"N/A","N/A",395,"Approved","2028-06-20","N/A","Single product class","Available",6,"6.37351524694427","https://reg.energyrating.gov.au/static/common/images/star_ratings_2014/EnergyStarRating_6_Star.eps","https://reg.energyrating.gov.au/static/common/images/star_ratings_2014/Star-rating-6.png","Internal","Analogue/Digital","AS/NZS 62087.1:2010","ATV5670","Greenhouse and Energy Minimum Standards (Televisions) Determination 2013",70
155089,"BAUHN","ATV70UHDW-1123","ATV70UHDW-****","Australia","China",176.592,13327.74,"LCD","0.51","0.0","0.0",107.4,"N/A","N/A",395,"Approved","2028-06-20","N/A","Single product class","Available",6,"6.37351524694427","https://reg.energyrating.gov.au/static/common/images/star_ratings_2014/EnergyStarRating_6_Star.eps","https://reg.energyrating.gov.au/static/common/images/star_ratings_2014/Star-rating-6.png","Internal","Analogue/Digital","AS/NZS 62087.1:2010","ATV5670","Greenhouse and Energy Minimum Standards (Televisions) Determination 2013",70
155089,"BAUHN","ATV70UHDW-****","ATV70UHDW-****","Australia","China",176.592,13327.74,"LCD","0.51","0.0","0.0",107.4,"N/A","N/A",395,"Approved","2028-06-20","N/A","Single product class","Available",6,"6.37351524694427","https://reg.energyrating.gov.au/static/common/images/star_ratings_2014/EnergyStarRating_6_Star.eps","https://reg.energyrating.gov.au/static/common/images/star_ratings_2014/Star-rating-6.png","Internal","Analogue/Digital","AS/NZS 62087.1:2010","ATV5670","Greenhouse and Energy Minimum Standards (Televisions) Determination 2013",70
147110,"BLAUPUNKT","BP4000HDV7100","N/A","Australia","China",100.333,4262.2974,"LCD","0.38","0.0","0.0",49.1,"N/A","N/A",181,"Approved","2027-05-26","N/A","Single product class","Available",5,"5.214004183541708","https://reg.energyrating.gov.au/static/common/images/star_ratings_2014/EnergyStarRating_5_Star.eps","https://reg.energyrating.gov.au/static/common/images/star_ratings_2014/Star-rating-5.png","Internal","Analogue/Digital","AS/NZS 62087.1:2010","ATV5079","Greenhouse and Energy Minimum Standards (Televisions) Determination 2013",40
156661,"JVC","LT-50NQ7145A","N/A","Australia","China",125.725,6751.36,"LCD","0.38","0.0","0.0",112.52,"N/A","N/A",413,"Approved","2028-09-10","N/A","Single product class","Available",3,"3.3387788732758996","https://reg.energyrating.gov.au/static/common/images/star_ratings_2014/EnergyStarRating_3_Star.eps","https://reg.energyrating.gov.au/static/common/images/star_ratings_2014/Star-rating-3.png","Internal","unknown","AS/NZS 62087.1:2010","ATV5771","Greenhouse and Energy Minimum Standards (Televisions) Determination 2013",49
156711,"JVC","LT-55NQ7145A","N/A","Australia","China",138.798,8228,"LCD","0.36","0.0","0.0",126.52,"N/A","N/A",464,"Approved","2028-09-16","N/A","Single product class","Available",3.5,"3.627166105201241","https://reg.energyrating.gov.au/static/common/images/star_ratings_2014/EnergyStarRating_3.5_Star.eps","https://reg.energyrating.gov.au/static/common/images/star_ratings_2014/Star-rating-3.5.png","Internal","unknown","AS/NZS 62087.1:2010","ATV5777","Greenhouse and Energy Minimum Standards (Televisions) Determination 2013",55
156888,"PRISM+","Q75U","N/A","Australia","China,Indonesia",189.344,15304.77,"LCD (LED)","-","-","-",165.8,"N/A","N/A",670,"Approved","2028-09-24","N/A","Single product class","Available",4.5,"4.596431533399473","https://reg.energyrating.gov.au/static/common/images/star_ratings_2014/EnergyStarRating_4.5_Star.eps","https://reg.energyrating.gov.au/static/common/images/star_ratings_2014/Star-rating-4.5.png","Internal","Analogue/Digital","AS/NZS 62087.1:2010","ATV5779","Greenhouse and Energy Minimum Standards (Televisions) Determination 2013",75
157180,"JVC","LT-32N3115A11N","N/A","Australia","China",80.103,2743.14,"LCD","0.255","0.255","7.0",29.22,"N/A","N/A",108,"Approved","2028-11-15","N/A","Single product class","Available",5.5,"5.890292548310127","https://reg.energyrating.gov.au/static/common/images/star_ratings_2014/EnergyStarRating_5.5_Star.eps","https://reg.energyrating.gov.au/static/common/images/star_ratings_2014/Star-rating-5.5.png","Internal","unknown","AS/NZS 62087.1:2010","ATV5827","Greenhouse and Energy Minimum Standards (Televisions) Determination 2013",32
157231,"LINSAR","LS70UHDNF","N/A","Australia","China",176.592,13327.74,"LCD (LED)","0.51","0.0","0.0",107.4,"N/A","N/A",395,"Approved","2028-10-14","N/A","Single product class","Available",6,"6.37351524694427","https://reg.energyrating.gov.au/static/common/images/star_ratings_2014/EnergyStarRating_6_Star.eps","https://reg.energyrating.gov.au/static/common/images/star_ratings_2014/Star-rating-6.png","Internal","Analogue/Digital","AS/NZS 62087.1:2010","ATV5805","Greenhouse and Energy Minimum Standards (Televisions) Determination 2013",70
157597,"JVC","LT-70N7145A","N/A","Australia","China",176.563,13320.853056,"LCD (LED)","0.33","0.45","4.0",116.74,"N/A","N/A",470,"Approved","2030-03-11","N/A","Single product class","Available",5.5,"5.59223346725026","https://reg.energyrating.gov.au/static/common/images/star_ratings_2014/EnergyStarRating_5.5_Star.eps","https://reg.energyrating.gov.au/static/common/images/star_ratings_2014/Star-rating-5.5.png","Internal","Analogue/Digital","AS/NZS 62087.1:2010","ATV6636","Greenhouse and Energy Minimum Standards (Televisions) Determination 2013",70
157736,"JVC","LT-40N5115A11E","N/A","Australia","China",100.36,4265.0248,"LCD (LED)","0.4","0.0","0.0",54.48,"N/A","N/A",210,"Approved","2028-12-13","N/A","Single product class","Available",4.5,"4.550480363705366","https://reg.energyrating.gov.au/static/common/images/star_ratings_2014/EnergyStarRating_4.5_Star.eps","https://reg.energyrating.gov.au/static/common/images/star_ratings_2014/Star-rating-4.5.png","Internal","unknown","AS/NZS 62087.1:2010","ATV5891","Greenhouse and Energy Minimum Standards (Televisions) Determination 2013",40
157773,"JVC","AV-H437115A11N","N/A","Australia","China",107.95,4977.889999999999,"LCD","0.313","0.318","7.0",57.474,"N/A","N/A",212,"Approved","2028-11-21","N/A","Single product class","Available",5,"5.109199295997805","https://reg.energyrating.gov.au/static/common/images/star_ratings_2014/EnergyStarRating_5_Star.eps","https://reg.energyrating.gov.au/static/common/images/star_ratings_2014/Star-rating-5.png","Internal","unknown","AS/NZS 62087.1:2010","ATV5838","Greenhouse and Energy Minimum Standards (Televisions) Determination 2013",42
157776,"JVC","AV-H323115A11N","N/A","Australia","China",80.103,2743.14,"LCD","0.255","0.255","7.0",29.22,"N/A","N/A",108,"Approved","2028-11-11","N/A","Single product class","Available",5.5,"5.890292548310127","https://reg.energyrating.gov.au/static/common/images/star_ratings_2014/EnergyStarRating_5.5_Star.eps","https://reg.energyrating.gov.au/static/common/images/star_ratings_2014/Star-rating-5.5.png","Internal","unknown","AS/NZS 62087.1:2010","ATV5823","Greenhouse and Energy Minimum Standards (Televisions) Determination 2013",32
157838,"JVC","LT-55NQ7145AN","N/A","Australia","China",138.798,8228,"LCD","0.368","0.368","7.0",97.36,"N/A","N/A",358,"Approved","2028-11-12","N/A","Single product class","Available",4.5,"4.789429429855246","https://reg.energyrating.gov.au/static/common/images/star_ratings_2014/EnergyStarRating_4.5_Star.eps","https://reg.energyrating.gov.au/static/common/images/star_ratings_2014/Star-rating-4.5.png","Internal","unknown","AS/NZS 62087.1:2010","ATV5824","Greenhouse and Energy Minimum Standards (Televisions) Determination 2013",55
157956,"JVC","LT-43N5135AN","N/A","Australia","China",107.999,4987.299999999999,"LCD","0.256","0.256","7.0",53.26,"N/A","N/A",196,"Approved","2028-11-18","N/A","Single product class","Available",5,"5.468284088523051","https://reg.energyrating.gov.au/static/common/images/star_ratings_2014/EnergyStarRating_5_Star.eps","https://reg.energyrating.gov.au/static/common/images/star_ratings_2014/Star-rating-5.png","Internal","unknown","AS/NZS 62087.1:2010","ATV5828","Greenhouse and Energy Minimum Standards (Televisions) Determination 2013",43
157965,"JVC","LT-50NQ7145AN","N/A","Australia","China",125.725,6751.36,"LCD","0.391","0.391","7.0",110.72,"N/A","N/A",407,"Approved","2028-11-19","N/A","Single product class","Available",3,"3.404361801540006","https://reg.energyrating.gov.au/static/common/images/star_ratings_2014/EnergyStarRating_3_Star.eps","https://reg.energyrating.gov.au/static/common/images/star_ratings_2014/Star-rating-3.png","Internal","unknown","AS/NZS 62087.1:2010","ATV5830","Greenhouse and Energy Minimum Standards (Televisions) Determination 2013",49
158245,"JVC","LT-40N7145A","N/A","Australia","China",101.51,4402.997084,"LCD (LED)","0.36","0.51","4.0",64.06,"N/A","N/A",259,"Approved","2028-12-20","N/A","Single product class","Available",3.5,"3.733461271230745","https://reg.energyrating.gov.au/static/common/images/star_ratings_2014/EnergyStarRating_3.5_Star.eps","https://reg.energyrating.gov.au/static/common/images/star_ratings_2014/Star-rating-3.5.png","Internal","Analogue/Digital","AS/NZS 62087.1:2010","ATV5907","Greenhouse and Energy Minimum Standards (Televisions) Determination 2013",40
146150,"EKO","K320HSG","K320HSG","Australia","China",80.029,2735.9872,"LCD (LED)","-","-","-",34.4,"N/A","N/A",151,"Approved","2027-04-21","N/A","Single product class","Available",4,"4.379032283719447","https://reg.energyrating.gov.au/static/common/images/star_ratings_2014/EnergyStarRating_4_Star.eps","https://reg.energyrating.gov.au/static/common/images/star_ratings_2014/Star-rating-4.png","Internal","Analogue/Digital","AS/NZS 62087.1:2010","ATV5015","Greenhouse and Energy Minimum Standards (Televisions) Determination 2013",32
146150,"EKO","K320HAT","K320HSG","Australia","China",80.029,2735.9872,"LCD (LED)","-","-","-",34.4,"N/A","N/A",151,"Approved","2027-04-21","N/A","Single product class","Available",4,"4.379032283719447","https://reg.energyrating.gov.au/static/common/images/star_ratings_2014/EnergyStarRating_4_Star.eps","https://reg.energyrating.gov.au/static/common/images/star_ratings_2014/Star-rating-4.png","Internal","Analogue/Digital","AS/NZS 62087.1:2010","ATV5015","Greenhouse and Energy Minimum Standards (Televisions) Determination 2013",32
146104,"EKO","K240HSG","K240HSG","Australia","China",59.814,1528.2233999999999,"LCD (LED)","-","-","-",27.3,"N/A","N/A",110,"Approved","2027-04-21","N/A","Single product class","Available",3.5,"3.858069175506572","https://reg.energyrating.gov.au/static/common/images/star_ratings_2014/EnergyStarRating_3.5_Star.eps","https://reg.energyrating.gov.au/static/common/images/star_ratings_2014/Star-rating-3.5.png","Internal","Analogue/Digital","AS/NZS 62087.1:2010","ATV5014","Greenhouse and Energy Minimum Standards (Televisions) Determination 2013",24
146104,"EKO","K240HAT","K240HSG","Australia","China",59.814,1528.2233999999999,"LCD (LED)","-","-","-",27.3,"N/A","N/A",110,"Approved","2027-04-21","N/A","Single product class","Available",3.5,"3.858069175506572","https://reg.energyrating.gov.au/static/common/images/star_ratings_2014/EnergyStarRating_3.5_Star.eps","https://reg.energyrating.gov.au/static/common/images/star_ratings_2014/Star-rating-3.5.png","Internal","Analogue/Digital","AS/NZS 62087.1:2010","ATV5014","Greenhouse and Energy Minimum Standards (Televisions) Determination 2013",24
158538,"JVC","LT-32N3115A11E","N/A","Australia","China",79.994,2734.4184,"LCD (LED)","0.4","0.0","0.0",28.86,"N/A","N/A",130,"Approved","2028-12-13","N/A","Single product class","Available",5,"5.048057871940883","https://reg.energyrating.gov.au/static/common/images/star_ratings_2014/EnergyStarRating_5_Star.eps","https://reg.energyrating.gov.au/static/common/images/star_ratings_2014/Star-rating-5.png","Internal","unknown","AS/NZS 62087.1:2010","ATV5885","Greenhouse and Energy Minimum Standards (Televisions) Determination 2013",31
158544,"JVC","LT-43N5135AE","N/A","Australia","China",107.947,4979.654399999999,"LCD (LED)","0.36","0.0","0.0",39.24,"N/A","N/A",229,"Approved","2028-12-13","N/A","Single product class","Available",4.5,"4.7649139916034216","https://reg.energyrating.gov.au/static/common/images/star_ratings_2014/EnergyStarRating_4.5_Star.eps","https://reg.energyrating.gov.au/static/common/images/star_ratings_2014/Star-rating-4.5.png","Internal","unknown","AS/NZS 62087.1:2010","ATV5884","Greenhouse and Energy Minimum Standards (Televisions) Determination 2013",42
159179,"AIWA","AW240DVD","N/A","Australia","China",59.824,1528.86807072,"LCD","0.39","0.0","0.0",24.2,"N/A","N/A",91,"Approved","2029-01-16","N/A","Single product class","Available",4.5,"4.709136101392171","https://reg.energyrating.gov.au/static/common/images/star_ratings_2014/EnergyStarRating_4.5_Star.eps","https://reg.energyrating.gov.au/static/common/images/star_ratings_2014/Star-rating-4.5.png","Internal","unknown","AS/NZS 62087.1:2010","ATV5965","Greenhouse and Energy Minimum Standards (Televisions) Determination 2013",24
159706,"AIWA","AWS400G","N/A","Australia","China",100.305,4258.3,"LCD","0.4","0.0","0.0",46.8,"N/A","N/A",189,"Approved","2029-02-25","N/A","Single product class","Available",5,"5.016571587863471","https://reg.energyrating.gov.au/static/common/images/star_ratings_2014/EnergyStarRating_5_Star.eps","https://reg.energyrating.gov.au/static/common/images/star_ratings_2014/Star-rating-5.png","Internal","Analogue","AS/NZS 62087.1:2010","ATV6044","Greenhouse and Energy Minimum Standards (Televisions) Determination 2013",39
159710,"AIWA","AWS650G","N/A","Australia","China",163.829,11466.84,"LCD","0.4","0.0","0.0",90.1,"N/A","N/A",404,"Approved","2029-02-25","N/A","Single product class","Available",5.5,"5.634761250243758","https://reg.energyrating.gov.au/static/common/images/star_ratings_2014/EnergyStarRating_5.5_Star.eps","https://reg.energyrating.gov.au/static/common/images/star_ratings_2014/Star-rating-5.5.png","Internal","unknown","AS/NZS 62087.1:2010","ATV6043","Greenhouse and Energy Minimum Standards (Televisions) Determination 2013",64
160037,"BLAUPUNKT","BP2400HDV7100","N/A","Australia","China",60.47,1562.462784,"LCD","0.16","0.0","0.0",25.3,"N/A","N/A",94,"Approved","2029-03-13","N/A","Single product class","Available",4.5,"4.630812830215861","https://reg.energyrating.gov.au/static/common/images/star_ratings_2014/EnergyStarRating_4.5_Star.eps","https://reg.energyrating.gov.au/static/common/images/star_ratings_2014/Star-rating-4.5.png","EPS","Digital","AS/NZS 62087.1:2010","ATV6085","Greenhouse and Energy Minimum Standards (Televisions) Determination 2013",24
160051,"BAUHN","ATV60UHDW-0824","N/A","Australia","China",152.663,9958.2104,"LCD","-","-","-",81.288,"N/A","N/A",299,"Approved","2029-04-02","N/A","Single product class","Available",6,"6.3902899068173715","https://reg.energyrating.gov.au/static/common/images/star_ratings_2014/EnergyStarRating_6_Star.eps","https://reg.energyrating.gov.au/static/common/images/star_ratings_2014/Star-rating-6.png","Internal","Analogue/Digital","AS/NZS 62087.1:2010","ATV6137","Greenhouse and Energy Minimum Standards (Televisions) Determination 2013",60
160009,"YOKOHAMA","YTV240Z","N/A","Australia","China",59.774,1526.53,"LCD (LED)","-","-","-",20.24,"8.0","8.512926735341125",76,"Approved","2029-04-16","N/A","Single product class","Available",5.5,"5.511654351347501","https://reg.energyrating.gov.au/static/common/images/star_ratings_2014/EnergyStarRating_5.5_Star.eps","https://reg.energyrating.gov.au/static/common/images/star_ratings_2014/Star-rating-5.5.png","Internal","Digital","AS/NZS 62087.1:2010","ATV6160","Greenhouse and Energy Minimum Standards (Televisions) Determination 2013",24
160109,"AIWA","AWS650W","N/A","Australia","China",163.896,11478.122496000002,"LCD (LED)","0.34","0.48","4.0",115.94,"N/A","N/A",468,"Approved","2029-04-08","N/A","Single product class","Available",4.5,"4.979906758518055","https://reg.energyrating.gov.au/static/common/images/star_ratings_2014/EnergyStarRating_4.5_Star.eps","https://reg.energyrating.gov.au/static/common/images/star_ratings_2014/Star-rating-4.5.png","Internal","Analogue/Digital","AS/NZS 62087.1:2010","ATV6151","Greenhouse and Energy Minimum Standards (Televisions) Determination 2013",65
160114,"JVC","LT-50N7145AE","N/A","Australia","China",125.638,6745.2,"LCD (LED)","-","-","-",47.5,"N/A","N/A",210,"Approved","2029-04-08","N/A","Single product class","Available",6,"6.366036695892506","https://reg.energyrating.gov.au/static/common/images/star_ratings_2014/EnergyStarRating_6_Star.eps","https://reg.energyrating.gov.au/static/common/images/star_ratings_2014/Star-rating-6.png","Internal","Analogue/Digital","AS/NZS 62087.1:2010","ATV6152","Greenhouse and Energy Minimum Standards (Televisions) Determination 2013",49
160504,"JVC","LT-32ND35AS","N/A","Australia","China",80.039,2736.719568,"LCD (LED)","0.33","0.0","0.0",36.9,"N/A","N/A",145,"Approved","2029-04-04","N/A","Single product class","Available",4.5,"4.56169137395495","https://reg.energyrating.gov.au/static/common/images/star_ratings_2014/EnergyStarRating_4.5_Star.eps","https://reg.energyrating.gov.au/static/common/images/star_ratings_2014/Star-rating-4.5.png","Internal","Analogue/Digital","AS/NZS 62087.1:2010","ATV6150","Greenhouse and Energy Minimum Standards (Televisions) Determination 2013",32
160645,"JVC","LT-40N5155A","N/A","Australia","China",100.332,4261.906885,"LCD (LED)","0.35","0.46","4.0",48.76,"N/A","N/A",198,"Approved","2029-04-08","N/A","Single product class","Available",4.5,"4.811354439400725","https://reg.energyrating.gov.au/static/common/images/star_ratings_2014/EnergyStarRating_4.5_Star.eps","https://reg.energyrating.gov.au/static/common/images/star_ratings_2014/Star-rating-4.5.png","Internal","Analogue/Digital","AS/NZS 62087.1:2010","ATV6153","Greenhouse and Energy Minimum Standards (Televisions) Determination 2013",40
160785,"JVC","LT-65N7115A11E","N/A","Australia","China",163.829,11466.84,"LCD (LED)","-","-","-",104.2,"N/A","N/A",415,"Approved","2029-04-18","N/A","Single product class","Available",5.5,"5.51437398334165","https://reg.energyrating.gov.au/static/common/images/star_ratings_2014/EnergyStarRating_5.5_Star.eps","https://reg.energyrating.gov.au/static/common/images/star_ratings_2014/Star-rating-5.5.png","Internal","Analogue/Digital","AS/NZS 62087.1:2010","ATV6165","Greenhouse and Energy Minimum Standards (Televisions) Determination 2013",64
160808,"HUBBL","LT065A-04-FXTL","N/A","Australia","Poland",163.897,11477.9975,"LCD (LED)","-","-","-",64.71,"N/A","N/A",240,"Approved","2029-04-09","N/A","Single product class","Available",7,"7.972684747758714","https://reg.energyrating.gov.au/static/common/images/star_ratings_2014/EnergyStarRating_7_Star.eps","https://reg.energyrating.gov.au/static/common/images/star_ratings_2014/Star-rating-7.png","Internal","Digital","AS/NZS 62087.1:2010","ATV6154","Greenhouse and Energy Minimum Standards (Televisions) Determination 2013",65
160979,"AIWA","AWC240G","N/A","Australia","China",59.774,1526.53,"LCD (LED)","0.23","0.0","0.0",19.8,"N/A","N/A",82,"Approved","2029-05-20","N/A","Single product class","Available",5,"5.171129579153095","https://reg.energyrating.gov.au/static/common/images/star_ratings_2014/EnergyStarRating_5_Star.eps","https://reg.energyrating.gov.au/static/common/images/star_ratings_2014/Star-rating-5.png","EPS","Analogue/Digital","AS/NZS 62087.1:2010","ATV6186","Greenhouse and Energy Minimum Standards (Televisions) Determination 2013",24
161103,"AIWA","AWS500W","N/A","Australia","China",125.731,6754.867344,"LCD (LED)","0.25","0.0","0.0",57.2,"N/A","N/A",211,"Approved","2029-05-20","N/A","Single product class","Available",6,"6.350562198435242","https://reg.energyrating.gov.au/static/common/images/star_ratings_2014/EnergyStarRating_6_Star.eps","https://reg.energyrating.gov.au/static/common/images/star_ratings_2014/Star-rating-6.png","Internal","unknown","AS/NZS 62087.1:2010","ATV6185","Greenhouse and Energy Minimum Standards (Televisions) Determination 2013",50
161837,"WINTAL","19LED19HD","N/A","Australia","China",47.013,944.1791999999999,"LCD (LED)","-","-","-",19.4,"N/A","N/A",72,"Approved","2029-06-17","N/A","Single product class","Available",4,"4.395401082028128","https://reg.energyrating.gov.au/static/common/images/star_ratings_2014/EnergyStarRating_4_Star.eps","https://reg.energyrating.gov.au/static/common/images/star_ratings_2014/Star-rating-4.png","Internal","Analogue/Digital","AS/NZS 62087.1:2010","ATV6187","Greenhouse and Energy Minimum Standards (Televisions) Determination 2013",19
161849,"AIWA","AWC320G","N/A","Australia","China",80.054,2736.1600000000003,"LCD (LED)","0.4","0.0","0.0",28.6,"N/A","N/A",116,"Approved","2029-06-06","N/A","Single product class","Available",5.5,"5.56096171620154","https://reg.energyrating.gov.au/static/common/images/star_ratings_2014/EnergyStarRating_5.5_Star.eps","https://reg.energyrating.gov.au/static/common/images/star_ratings_2014/Star-rating-5.5.png","EPS","Analogue/Digital","AS/NZS 62087.1:2010","ATV6222","Greenhouse and Energy Minimum Standards (Televisions) Determination 2013",32
162085,"BAUHN","ATV70UHDW-0624","N/A","Australia","China",176.555,13319.8528,"LCD (LED)","-","-","-",109.038,"N/A","N/A",400,"Approved","2029-05-27","N/A","Single product class","Available",6,"6.314624076977698","https://reg.energyrating.gov.au/static/common/images/star_ratings_2014/EnergyStarRating_6_Star.eps","https://reg.energyrating.gov.au/static/common/images/star_ratings_2014/Star-rating-6.png","Internal","Analogue/Digital","AS/NZS 62087.1:2010","ATV6199","Greenhouse and Energy Minimum Standards (Televisions) Determination 2013",70
162441,"JVC","LT-55N7115A11E","N/A","Australia","China",138.711,8221.2,"LCD (LED)","0.4","0.0","0.0",60.9,"N/A","N/A",247,"Approved","2029-06-06","N/A","Single product class","Available",6,"6.449270084292677","https://reg.energyrating.gov.au/static/common/images/star_ratings_2014/EnergyStarRating_6_Star.eps","https://reg.energyrating.gov.au/static/common/images/star_ratings_2014/Star-rating-6.png","Internal","unknown","AS/NZS 62087.1:2010","ATV6224","Greenhouse and Energy Minimum Standards (Televisions) Determination 2013",55
162445,"LOEWE","BILD S.77","N/A","Australia","Germany",194.738,16204.123099999999,"OLED","0.42","77.0","1.0",220,"N/A","N/A",833,"Approved","2029-06-16","N/A","Single product class","Available",3.5,"3.865573586776292","https://reg.energyrating.gov.au/static/common/images/star_ratings_2014/EnergyStarRating_3.5_Star.eps","https://reg.energyrating.gov.au/static/common/images/star_ratings_2014/Star-rating-3.5.png","Internal","Analogue/Digital","AS/NZS 62087.1:2010","ATV6233","Greenhouse and Energy Minimum Standards (Televisions) Determination 2013",77
162640,"AIWA","AWS400W","N/A","Australia","China",100.332,4261.906885,"LCD (LED)","0.35","0.46","4.0",48.76,"N/A","N/A",198,"Approved","2029-06-18","N/A","Single product class","Available",4.5,"4.811354439400725","https://reg.energyrating.gov.au/static/common/images/star_ratings_2014/EnergyStarRating_4.5_Star.eps","https://reg.energyrating.gov.au/static/common/images/star_ratings_2014/Star-rating-4.5.png","Internal","Analogue/Digital","AS/NZS 62087.1:2010","ATV6235","Greenhouse and Energy Minimum Standards (Televisions) Determination 2013",40
162083,"HISENSE","100Q7NAU","N/A","Australia","China",252.784,27304.2576,"LCD (LED)","0.33","0.0","0.0",252.1,"N/A","N/A",999,"Approved","2029-06-19","N/A","Single product class","Available",5,"5.313387441690587","https://reg.energyrating.gov.au/static/common/images/star_ratings_2014/EnergyStarRating_5_Star.eps","https://reg.energyrating.gov.au/static/common/images/star_ratings_2014/Star-rating-5.png","Internal","Analogue/Digital","AS/NZS 62087.1:2010","ATV6239","Greenhouse and Energy Minimum Standards (Televisions) Determination 2013",100
162656,"HISENSE","75U8NAU","N/A","Australia","China",189.34,15318.517823999999,"LCD (LED)","0.31","0.0","0.0",177.17,"N/A","N/A",720,"Approved","2029-06-19","N/A","Single product class","Available",4,"4.277735778003507","https://reg.energyrating.gov.au/static/common/images/star_ratings_2014/EnergyStarRating_4_Star.eps","https://reg.energyrating.gov.au/static/common/images/star_ratings_2014/Star-rating-4.png","Internal","Analogue/Digital","AS/NZS 62087.1:2010","ATV6237","Greenhouse and Energy Minimum Standards (Televisions) Determination 2013",75
162654,"HISENSE","85U8NAU","N/A","Australia","China",214.783,19712.16,"LCD (LED)","0.31","0.0","0.0",262.49,"N/A","N/A",1079,"Approved","2029-06-19","N/A","Single product class","Available",3.5,"3.5510390682319684","https://reg.energyrating.gov.au/static/common/images/star_ratings_2014/EnergyStarRating_3.5_Star.eps","https://reg.energyrating.gov.au/static/common/images/star_ratings_2014/Star-rating-3.5.png","Internal","Analogue/Digital","AS/NZS 62087.1:2010","ATV6241","Greenhouse and Energy Minimum Standards (Televisions) Determination 2013",85
162667,"HISENSE","65UXAU","N/A","Australia","China",163.896,11478.122496000002,"LCD (LED)","0.38","0.0","0.0",137.97,"N/A","N/A",569,"Approved","2029-06-20","N/A","Single product class","Available",4,"4.104182871102088","https://reg.energyrating.gov.au/static/common/images/star_ratings_2014/EnergyStarRating_4_Star.eps","https://reg.energyrating.gov.au/static/common/images/star_ratings_2014/Star-rating-4.png","Internal","Analogue/Digital","AS/NZS 62087.1:2010","ATV6243","Greenhouse and Energy Minimum Standards (Televisions) Determination 2013",65
162825,"AIWA","AWS700W","N/A","Australia","China",176.563,13320.853056,"LCD (LED)","0.28","0.5","4.0",140.89,"N/A","N/A",576,"Approved","2029-07-24","N/A","Single product class","Available",4.5,"4.68082480321312","https://reg.energyrating.gov.au/static/common/images/star_ratings_2014/EnergyStarRating_4.5_Star.eps","https://reg.energyrating.gov.au/static/common/images/star_ratings_2014/Star-rating-4.5.png","Internal","Analogue/Digital","AS/NZS 62087.1:2010","ATV6282","Greenhouse and Energy Minimum Standards (Televisions) Determination 2013",70
163030,"AIWA","AWS500G","N/A","Australia","China",125.731,6754.867344,"OLED","0.35","0.0","0.0",64.6,"N/A","N/A",276,"Approved","2029-09-19","N/A","Single product class","Available",5,"5.1471093957013325","https://reg.energyrating.gov.au/static/common/images/star_ratings_2014/EnergyStarRating_5_Star.eps","https://reg.energyrating.gov.au/static/common/images/star_ratings_2014/Star-rating-5.png","Internal","Analogue/Digital","AS/NZS 62087.1:2010","ATV6311","Greenhouse and Energy Minimum Standards (Televisions) Determination 2013",50
162655,"HISENSE","65U8NAU","65U8N Series","Australia","China",163.896,11478.122496000002,"LCD (LED)","0.35","0.0","0.0",151.8,"N/A","N/A",639,"Approved","2029-06-19","N/A","Single product class","Available",3.5,"3.584230492609061","https://reg.energyrating.gov.au/static/common/images/star_ratings_2014/EnergyStarRating_3.5_Star.eps","https://reg.energyrating.gov.au/static/common/images/star_ratings_2014/Star-rating-3.5.png","Internal","Analogue/Digital","AS/NZS 62087.1:2010","ATV6242","Greenhouse and Energy Minimum Standards (Televisions) Determination 2013",65
162655,"HISENSE","65U8NNZ","65U8N Series","Australia","China",163.896,11478.122496000002,"LCD (LED)","0.35","0.0","0.0",151.8,"N/A","N/A",639,"Approved","2029-06-19","N/A","Single product class","Available",3.5,"3.584230492609061","https://reg.energyrating.gov.au/static/common/images/star_ratings_2014/EnergyStarRating_3.5_Star.eps","https://reg.energyrating.gov.au/static/common/images/star_ratings_2014/Star-rating-3.5.png","Internal","Analogue/Digital","AS/NZS 62087.1:2010","ATV6242","Greenhouse and Energy Minimum Standards (Televisions) Determination 2013",65
162655,"HISENSE","65U8N Series","65U8N Series","Australia","China",163.896,11478.122496000002,"LCD (LED)","0.35","0.0","0.0",151.8,"N/A","N/A",639,"Approved","2029-06-19","N/A","Single product class","Available",3.5,"3.584230492609061","https://reg.energyrating.gov.au/static/common/images/star_ratings_2014/EnergyStarRating_3.5_Star.eps","https://reg.energyrating.gov.au/static/common/images/star_ratings_2014/Star-rating-3.5.png","Internal","Analogue/Digital","AS/NZS 62087.1:2010","ATV6242","Greenhouse and Energy Minimum Standards (Televisions) Determination 2013",65
163671,"JVC","AV-J193152A","19"" smart","Australia","China",47.013,944.1791999999999,"LCD","0.3","0.0","0.0",19.4,"N/A","N/A",73,"Approved","2030-03-30","N/A","Single product class","Available",4,"4.333587410734022","https://reg.energyrating.gov.au/static/common/images/star_ratings_2014/EnergyStarRating_4_Star.eps","https://reg.energyrating.gov.au/static/common/images/star_ratings_2014/Star-rating-4.png","Internal","Analogue/Digital","AS/NZS 62087.1:2010","ATV6676","Greenhouse and Energy Minimum Standards (Televisions) Determination 2013",19
163671,"JVC","AV-J193155A","19"" smart","Australia","China",47.013,944.1791999999999,"LCD","0.3","0.0","0.0",19.4,"N/A","N/A",73,"Approved","2030-03-30","N/A","Single product class","Available",4,"4.333587410734022","https://reg.energyrating.gov.au/static/common/images/star_ratings_2014/EnergyStarRating_4_Star.eps","https://reg.energyrating.gov.au/static/common/images/star_ratings_2014/Star-rating-4.png","Internal","Analogue/Digital","AS/NZS 62087.1:2010","ATV6676","Greenhouse and Energy Minimum Standards (Televisions) Determination 2013",19
163671,"JVC","19"" smart","19"" smart","Australia","China",47.013,944.1791999999999,"LCD","0.3","0.0","0.0",19.4,"N/A","N/A",73,"Approved","2030-03-30","N/A","Single product class","Available",4,"4.333587410734022","https://reg.energyrating.gov.au/static/common/images/star_ratings_2014/EnergyStarRating_4_Star.eps","https://reg.energyrating.gov.au/static/common/images/star_ratings_2014/Star-rating-4.png","Internal","Analogue/Digital","AS/NZS 62087.1:2010","ATV6676","Greenhouse and Energy Minimum Standards (Televisions) Determination 2013",19
164261,"BAUHN","ATV32HDW-0824","N/A","Australia","China",80.043,2737.0770999999995,"LCD (LED)","-","-","-",27.14,"N/A","N/A",101,"Approved","2029-09-10","N/A","Single product class","Available",6,"6.182698305345105","https://reg.energyrating.gov.au/static/common/images/star_ratings_2014/EnergyStarRating_6_Star.eps","https://reg.energyrating.gov.au/static/common/images/star_ratings_2014/Star-rating-6.png","Internal","Digital","AS/NZS 62087.1:2010","ATV6306","Greenhouse and Energy Minimum Standards (Televisions) Determination 2013",32
164513,"HYUNDAI","H50UHDQLDZEN","N/A","Australia","China",125.731,6754.867344,"LCD (LED)","-","-","-",61.524,"N/A","N/A",227,"Approved","2029-09-15","N/A","Single product class","Available",6,"6.023006759011338","https://reg.energyrating.gov.au/static/common/images/star_ratings_2014/EnergyStarRating_6_Star.eps","https://reg.energyrating.gov.au/static/common/images/star_ratings_2014/Star-rating-6.png","Internal","Analogue/Digital","AS/NZS 62087.1:2010","ATV6307","Greenhouse and Energy Minimum Standards (Televisions) Determination 2013",50
164539,"ALTIUS","AT32HDW2-BCF","N/A","Australia","China",80.043,2737.0770999999995,"LCD (LED)","-","-","-",27.036,"N/A","N/A",102,"Approved","2029-10-21","N/A","Single product class","Available",6,"6.138546025859608","https://reg.energyrating.gov.au/static/common/images/star_ratings_2014/EnergyStarRating_6_Star.eps","https://reg.energyrating.gov.au/static/common/images/star_ratings_2014/Star-rating-6.png","Internal","Analogue/Digital","AS/NZS 62087.1:2010","ATV6330","Greenhouse and Energy Minimum Standards (Televisions) Determination 2013",32
164582,"AIWA","AWS420W","N/A","Australia","China",105.415,4682.676096,"LCD (LED)","0.39","0.5","4.0",51.78,"N/A","N/A",210,"Approved","2029-09-19","N/A","Single product class","Available",4.5,"4.912410403406469","https://reg.energyrating.gov.au/static/common/images/star_ratings_2014/EnergyStarRating_4.5_Star.eps","https://reg.energyrating.gov.au/static/common/images/star_ratings_2014/Star-rating-4.5.png","Internal","Analogue/Digital","AS/NZS 62087.1:2010","ATV6312","Greenhouse and Energy Minimum Standards (Televisions) Determination 2013",42
164636,"BAUHN","ATV43FHDW-1124","ATV43FHDW-****","Australia","China",107.978,4982.1834,"LCD","0.4","0.0","0.0",44.2,"N/A","N/A",172,"Approved","2029-10-31","N/A","Single product class","Available",6,"6.04961468920546","https://reg.energyrating.gov.au/static/common/images/star_ratings_2014/EnergyStarRating_6_Star.eps","https://reg.energyrating.gov.au/static/common/images/star_ratings_2014/Star-rating-6.png","Internal","Analogue/Digital","AS/NZS 62087.1:2010","ATV6337","Greenhouse and Energy Minimum Standards (Televisions) Determination 2013",43
164636,"BAUHN","ATV43FHDW-0125","ATV43FHDW-****","Australia","China",107.978,4982.1834,"LCD","0.4","0.0","0.0",44.2,"N/A","N/A",172,"Approved","2029-10-31","N/A","Single product class","Available",6,"6.04961468920546","https://reg.energyrating.gov.au/static/common/images/star_ratings_2014/EnergyStarRating_6_Star.eps","https://reg.energyrating.gov.au/static/common/images/star_ratings_2014/Star-rating-6.png","Internal","Analogue/Digital","AS/NZS 62087.1:2010","ATV6337","Greenhouse and Energy Minimum Standards (Televisions) Determination 2013",43
164636,"BAUHN","ATV43FHDW-****","ATV43FHDW-****","Australia","China",107.978,4982.1834,"LCD","0.4","0.0","0.0",44.2,"N/A","N/A",172,"Approved","2029-10-31","N/A","Single product class","Available",6,"6.04961468920546","https://reg.energyrating.gov.au/static/common/images/star_ratings_2014/EnergyStarRating_6_Star.eps","https://reg.energyrating.gov.au/static/common/images/star_ratings_2014/Star-rating-6.png","Internal","Analogue/Digital","AS/NZS 62087.1:2010","ATV6337","Greenhouse and Energy Minimum Standards (Televisions) Determination 2013",43
164907,"HYUNDAI","H55UHDMLDGTV","N/A","Australia","China",138.798,8228,"LCD (LED)","0.4","0.0","0.0",92.2,"N/A","N/A",379,"Approved","2030-03-16","N/A","Single product class","Available",4.5,"4.533974058879906","https://reg.energyrating.gov.au/static/common/images/star_ratings_2014/EnergyStarRating_4.5_Star.eps","https://reg.energyrating.gov.au/static/common/images/star_ratings_2014/Star-rating-4.5.png","Internal","Analogue/Digital","AS/NZS 62087.1:2010","ATV6648","Greenhouse and Energy Minimum Standards (Televisions) Determination 2013",55
164996,"JVC","LT-42NQ5155A","N/A","Australia","China",105.422,4663.42023168,"LCD","0.34","0.0","0.0",38.2,"N/A","N/A",150,"Approved","2029-10-14","N/A","Single product class","Available",6,"6.404224337872835","https://reg.energyrating.gov.au/static/common/images/star_ratings_2014/EnergyStarRating_6_Star.eps","https://reg.energyrating.gov.au/static/common/images/star_ratings_2014/Star-rating-6.png","Internal","unknown","AS/NZS 62087.1:2010","ATV6318","Greenhouse and Energy Minimum Standards (Televisions) Determination 2013",42
165152,"PALSONIC","PT6515SU","N/A","Australia","China",163.896,11478.122496000002,"LCD (LED)","0.3","0.48","4.0",105.43,"N/A","N/A",439,"Approved","2029-10-24","N/A","Single product class","Available",5,"5.266578196996688","https://reg.energyrating.gov.au/static/common/images/star_ratings_2014/EnergyStarRating_5_Star.eps","https://reg.energyrating.gov.au/static/common/images/star_ratings_2014/Star-rating-5.png","Internal","Analogue/Digital","AS/NZS 62087.1:2010","ATV6333","Greenhouse and Energy Minimum Standards (Televisions) Determination 2013",65
165339,"LINSAR","LS32HDNF-12V","N/A","Australia","China",80.039,2736.7112736,"LCD (LED)","-","-","-",27.036,"N/A","N/A",102,"Approved","2029-11-07","N/A","Single product class","Available",6,"6.138069063666082","https://reg.energyrating.gov.au/static/common/images/star_ratings_2014/EnergyStarRating_6_Star.eps","https://reg.energyrating.gov.au/static/common/images/star_ratings_2014/Star-rating-6.png","Internal","Analogue/Digital","AS/NZS 62087.1:2010","ATV6339","Greenhouse and Energy Minimum Standards (Televisions) Determination 2013",32
165404,"AKAI","AK3223S7WOS","N/A","Australia","China",80.043,2737.0770999999995,"LCD (LED)","-","-","-",27.14,"N/A","N/A",101,"Approved","2029-11-11","N/A","Single product class","Available",6,"6.182698305345105","https://reg.energyrating.gov.au/static/common/images/star_ratings_2014/EnergyStarRating_6_Star.eps","https://reg.energyrating.gov.au/static/common/images/star_ratings_2014/Star-rating-6.png","Internal","Digital","AS/NZS 62087.1:2010","ATV6340","Greenhouse and Energy Minimum Standards (Televisions) Determination 2013",32
165405,"AKAI","AK4324S7WOS","N/A","Australia","China",107.978,4982.1834,"LCD","0.4","0.0","0.0",44.2,"N/A","N/A",172,"Approved","2029-11-11","N/A","Single product class","Available",6,"6.04961468920546","https://reg.energyrating.gov.au/static/common/images/star_ratings_2014/EnergyStarRating_6_Star.eps","https://reg.energyrating.gov.au/static/common/images/star_ratings_2014/Star-rating-6.png","Internal","Analogue/Digital","AS/NZS 62087.1:2010","ATV6341","Greenhouse and Energy Minimum Standards (Televisions) Determination 2013",43
165465,"AIWA","AWS320DVD","N/A","Australia","China",80.039,2736.70931232,"LCD (LED)","0.36","0.0","0.0",33.5,"N/A","N/A",125,"Approved","2029-12-12","N/A","Single product class","Available",5,"5.226810398773459","https://reg.energyrating.gov.au/static/common/images/star_ratings_2014/EnergyStarRating_5_Star.eps","https://reg.energyrating.gov.au/static/common/images/star_ratings_2014/Star-rating-5.png","Internal","unknown","AS/NZS 62087.1:2010","ATV6404","Greenhouse and Energy Minimum Standards (Televisions) Determination 2013",32
165713,"DGTEC","DG24HDDVD12V","N/A","Australia","China",59.827,1529.038,"LCD (LED)","-","-","-",20.96,"8.0","8.401564772397641",78,"Approved","2030-07-21","N/A","Single product class","Available",5,"5.400291661111806","https://reg.energyrating.gov.au/static/common/images/star_ratings_2014/EnergyStarRating_5_Star.eps","https://reg.energyrating.gov.au/static/common/images/star_ratings_2014/Star-rating-5.png","Internal","Analogue/Digital","AS/NZS 62087.1:2010","ATV6853","Greenhouse and Energy Minimum Standards (Televisions) Determination 2013",24
166064,"AIWA","AWS580G","N/A","Australia","China",146.088,9169.4,"LCD","0.33","0.33","7.0",82.5,"N/A","N/A",331,"Approved","2030-03-10","N/A","Single product class","Available",5.5,"5.590070246580223","https://reg.energyrating.gov.au/static/common/images/star_ratings_2014/EnergyStarRating_5.5_Star.eps","https://reg.energyrating.gov.au/static/common/images/star_ratings_2014/Star-rating-5.5.png","Internal","unknown","AS/NZS 62087.1:2010","ATV6631","Greenhouse and Energy Minimum Standards (Televisions) Determination 2013",58
166074,"JVC","LT-70NQ7155A","N/A","Australia","China",176.539,13385.2,"LCD","0.29","0.0","0.0",141.1,"N/A","N/A",550,"Approved","2030-03-10","N/A","Single product class","Available",4.5,"4.908338226041787","https://reg.energyrating.gov.au/static/common/images/star_ratings_2014/EnergyStarRating_4.5_Star.eps","https://reg.energyrating.gov.au/static/common/images/star_ratings_2014/Star-rating-4.5.png","Internal","unknown","AS/NZS 62087.1:2010","ATV6632","Greenhouse and Energy Minimum Standards (Televisions) Determination 2013",70
166115,"PRISM+","M55","N/A","Australia","China",138.783,8230.118400000001,"LCD (LED)","-","-","-",79.3,"N/A","N/A",320,"Approved","2029-12-18","N/A","Single product class","Available",5,"5.293361671010193","https://reg.energyrating.gov.au/static/common/images/star_ratings_2014/EnergyStarRating_5_Star.eps","https://reg.energyrating.gov.au/static/common/images/star_ratings_2014/Star-rating-5.png","Internal","Analogue/Digital","AS/NZS 62087.1:2010","ATV6412","Greenhouse and Energy Minimum Standards (Televisions) Determination 2013",55
166150,"PRISM+","M65","N/A","Australia","China",163.897,11477.9975,"LCD (LED)","-","-","-",111.6,"N/A","N/A",450,"Approved","2029-12-17","N/A","Single product class","Available",5,"5.1556252552474255","https://reg.energyrating.gov.au/static/common/images/star_ratings_2014/EnergyStarRating_5_Star.eps","https://reg.energyrating.gov.au/static/common/images/star_ratings_2014/Star-rating-5.png","Internal","Analogue/Digital","AS/NZS 62087.1:2010","ATV6410","Greenhouse and Energy Minimum Standards (Televisions) Determination 2013",65
166151,"PRISM+","M75","N/A","Australia","China",189.338,15318.8066,"LCD (LED)","-","-","-",140.4,"N/A","N/A",580,"Approved","2029-12-18","N/A","Single product class","Available",5,"5.246803153276395","https://reg.energyrating.gov.au/static/common/images/star_ratings_2014/EnergyStarRating_5_Star.eps","https://reg.energyrating.gov.au/static/common/images/star_ratings_2014/Star-rating-5.png","Internal","Analogue/Digital","AS/NZS 62087.1:2010","ATV6411","Greenhouse and Energy Minimum Standards (Televisions) Determination 2013",75
166617,"AIWA","AWS430QW","N/A","Australia","China",107.953,4979.729715840001,"LCD (LED)","0.37","0.0","0.0",45.69,"N/A","N/A",170,"Approved","2030-02-19","N/A","Single product class","Available",6,"6.100094078813243","https://reg.energyrating.gov.au/static/common/images/star_ratings_2014/EnergyStarRating_6_Star.eps","https://reg.energyrating.gov.au/static/common/images/star_ratings_2014/Star-rating-6.png","Internal","Analogue/Digital","AS/NZS 62087.1:2010","ATV6567","Greenhouse and Energy Minimum Standards (Televisions) Determination 2013",43
166618,"AIWA","AWS650G2","N/A","Australia","China",163.896,11478.122496000002,"LCD (LED)","0.41","0.0","0.0",92.9,"N/A","N/A",371,"Approved","2030-02-19","N/A","Single product class","Available",6,"6.0207893291425405","https://reg.energyrating.gov.au/static/common/images/star_ratings_2014/EnergyStarRating_6_Star.eps","https://reg.energyrating.gov.au/static/common/images/star_ratings_2014/Star-rating-6.png","Internal","Analogue/Digital","AS/NZS 62087.1:2010","ATV6563","Greenhouse and Energy Minimum Standards (Televisions) Determination 2013",65
166636,"AIWA","AWS550QW","N/A","Australia","China",138.783,8230.118400000001,"LCD (LED)","0.36","0.51","4.0",98.27,"N/A","N/A",397,"Approved","2030-02-17","N/A","Single product class","Available",4,"4.327098995599919","https://reg.energyrating.gov.au/static/common/images/star_ratings_2014/EnergyStarRating_4_Star.eps","https://reg.energyrating.gov.au/static/common/images/star_ratings_2014/Star-rating-4.png","Internal","Analogue/Digital","AS/NZS 62087.1:2010","ATV6561","Greenhouse and Energy Minimum Standards (Televisions) Determination 2013",55
166637,"AIWA","AWS650QW","N/A","Australia","China",163.896,11478.122496000002,"LCD (LED)","0.34","0.49","4.0",134.33,"N/A","N/A",541,"Approved","2030-02-19","N/A","Single product class","Available",4,"4.330320507536826","https://reg.energyrating.gov.au/static/common/images/star_ratings_2014/EnergyStarRating_4_Star.eps","https://reg.energyrating.gov.au/static/common/images/star_ratings_2014/Star-rating-4.png","Internal","Analogue/Digital","AS/NZS 62087.1:2010","ATV6565","Greenhouse and Energy Minimum Standards (Televisions) Determination 2013",65
166559,"AKAI","AK40S9ZEN","N/A","Australia","China",100.34,4260.24,"LCD (LED)","0.3","0.0","0.0",40.4,"N/A","N/A",149,"Approved","2030-04-21","N/A","Single product class","Available",6,"6.084009427711043","https://reg.energyrating.gov.au/static/common/images/star_ratings_2014/EnergyStarRating_6_Star.eps","https://reg.energyrating.gov.au/static/common/images/star_ratings_2014/Star-rating-6.png","Internal","Digital","AS/NZS 62087.1:2010","ATV6711","Greenhouse and Energy Minimum Standards (Televisions) Determination 2013",40
166639,"AIWA","AWS500QW","N/A","Australia","China",125.731,6754.867344,"LCD (LED)","0.36","0.49","4.0",79.06,"N/A","N/A",321,"Approved","2030-02-19","N/A","Single product class","Available",4,"4.470234547545021","https://reg.energyrating.gov.au/static/common/images/star_ratings_2014/EnergyStarRating_4_Star.eps","https://reg.energyrating.gov.au/static/common/images/star_ratings_2014/Star-rating-4.png","Internal","Analogue/Digital","AS/NZS 62087.1:2010","ATV6566","Greenhouse and Energy Minimum Standards (Televisions) Determination 2013",50
166754,"BAUHN","ATV32HDW-0425","N/A","Australia","China",80.06,2737.8617,"LCD","0.39","0.0","0.0",25.23,"N/A","N/A",101,"Approved","2030-03-16","N/A","Single product class","Available",6,"6.183721090805194","https://reg.energyrating.gov.au/static/common/images/star_ratings_2014/EnergyStarRating_6_Star.eps","https://reg.energyrating.gov.au/static/common/images/star_ratings_2014/Star-rating-6.png","Internal","Digital","AS/NZS 62087.1:2010","ATV6647","Greenhouse and Energy Minimum Standards (Televisions) Determination 2013",32
166765,"HISENSE","55S7NAU","N/A","Australia","China",138.783,8230.118400000001,"LCD (LED)","0.35","0.0","0.0",87.99,"N/A","N/A",381,"Approved","2030-01-21","N/A","Single product class","Available",4.5,"4.511450751759631","https://reg.energyrating.gov.au/static/common/images/star_ratings_2014/EnergyStarRating_4.5_Star.eps","https://reg.energyrating.gov.au/static/common/images/star_ratings_2014/Star-rating-4.5.png","Internal","Analogue/Digital","AS/NZS 62087.1:2010","ATV6480","Greenhouse and Energy Minimum Standards (Televisions) Determination 2013",55
166766,"HISENSE","65S7NAU","N/A","Australia","China",163.896,11478.122496000002,"LCD (LED)","0.36","0.0","0.0",105.58,"N/A","N/A",416,"Approved","2030-01-21","N/A","Single product class","Available",5.5,"5.50774202403524","https://reg.energyrating.gov.au/static/common/images/star_ratings_2014/EnergyStarRating_5.5_Star.eps","https://reg.energyrating.gov.au/static/common/images/star_ratings_2014/Star-rating-5.5.png","Internal","Analogue/Digital","AS/NZS 62087.1:2010","ATV6478","Greenhouse and Energy Minimum Standards (Televisions) Determination 2013",65
166810,"BAUHN","ATV55UHDW-0425","N/A","Australia","China",138.401,8188.740000000001,"LCD","0.34","0.0","0.0",70,"N/A","N/A",270,"Approved","2030-03-23","N/A","Single product class","Available",6,"6.033938115953562","https://reg.energyrating.gov.au/static/common/images/star_ratings_2014/EnergyStarRating_6_Star.eps","https://reg.energyrating.gov.au/static/common/images/star_ratings_2014/Star-rating-6.png","Internal","Analogue/Digital","AS/NZS 62087.1:2010","ATV6663","Greenhouse and Energy Minimum Standards (Televisions) Determination 2013",54
167265,"MONSTER","MT24HDNFB","N/A","Australia","China",59.827,1529.038,"LCD (LED)","0.5","0.0","0.0",15.38,"N/A","N/A",59,"Approved","2030-02-20","N/A","Single product class","Available",6,"6.651375912212433","https://reg.energyrating.gov.au/static/common/images/star_ratings_2014/EnergyStarRating_6_Star.eps","https://reg.energyrating.gov.au/static/common/images/star_ratings_2014/Star-rating-6.png","Internal","Digital","AS/NZS 62087.1:2010","ATV6575","Greenhouse and Energy Minimum Standards (Televisions) Determination 2013",24
167317,"MONSTER","MT32HDNFB","N/A","Australia","China",80.043,2737.0770999999995,"LCD (LED)","0.4","0.0","0.0",15.87,"N/A","N/A",60,"Approved","2030-02-19","N/A","Single product class","Available",8,"8.51651414520261","https://reg.energyrating.gov.au/static/common/images/star_ratings_2014/EnergyStarRating_8_Star.eps","https://reg.energyrating.gov.au/static/common/images/star_ratings_2014/Star-rating-8.png","Internal","Digital","AS/NZS 62087.1:2010","ATV6564","Greenhouse and Energy Minimum Standards (Televisions) Determination 2013",32
167411,"AIWA","AWS550G","N/A","Australia","China",138.783,8230.118400000001,"LCD (LED)","0.43","0.0","0.0",65.43,"N/A","N/A",258,"Approved","2030-02-20","N/A","Single product class","Available",6,"6.25848663027421","https://reg.energyrating.gov.au/static/common/images/star_ratings_2014/EnergyStarRating_6_Star.eps","https://reg.energyrating.gov.au/static/common/images/star_ratings_2014/Star-rating-6.png","Internal","Analogue/Digital","AS/NZS 62087.1:2010","ATV6576","Greenhouse and Energy Minimum Standards (Televisions) Determination 2013",55
167445,"BAUHN","ATV43FHDW-0325","N/A","Australia","China",109.465,5109.25,"LCD","0.35","0.0","0.0",39.8,"N/A","N/A",172,"Approved","2030-02-20","N/A","Single product class","Available",6,"6.148719852583788","https://reg.energyrating.gov.au/static/common/images/star_ratings_2014/EnergyStarRating_6_Star.eps","https://reg.energyrating.gov.au/static/common/images/star_ratings_2014/Star-rating-6.png","Internal","Analogue/Digital","AS/NZS 62087.1:2010","ATV6578","Greenhouse and Energy Minimum Standards (Televisions) Determination 2013",43
168011,"LINSAR","LS70UHDNF23","N/A","Australia","China",176.537,13380.8032,"LCD (LED)","-","-","-",108.29,"N/A","N/A",397,"Approved","2030-03-13","N/A","Single product class","Available",6,"6.367801412715387","https://reg.energyrating.gov.au/static/common/images/star_ratings_2014/EnergyStarRating_6_Star.eps","https://reg.energyrating.gov.au/static/common/images/star_ratings_2014/Star-rating-6.png","Internal","Analogue/Digital","AS/NZS 62087.1:2010","ATV6645","Greenhouse and Energy Minimum Standards (Televisions) Determination 2013",70
168069,"AIWA","AWC400W","N/A","Australia","China",100.332,4261.934154240001,"LCD","0.25","0.0","0.0",33.1,"N/A","N/A",123,"Approved","2030-05-05","N/A","Single product class","Available",6,"6.944905545247861","https://reg.energyrating.gov.au/static/common/images/star_ratings_2014/EnergyStarRating_6_Star.eps","https://reg.energyrating.gov.au/static/common/images/star_ratings_2014/Star-rating-6.png","Internal","Analogue/Digital","AS/NZS 62087.1:2010","ATV6730","Greenhouse and Energy Minimum Standards (Televisions) Determination 2013",40
168244,"TOSHIBA","55Z670RP","N/A","Australia","China",138.783,8230.118400000001,"LCD (LED)","0.31","0.0","0.0",75.21,"N/A","N/A",305,"Approved","2030-03-25","N/A","Single product class","Available",5.5,"5.5085111517081975","https://reg.energyrating.gov.au/static/common/images/star_ratings_2014/EnergyStarRating_5.5_Star.eps","https://reg.energyrating.gov.au/static/common/images/star_ratings_2014/Star-rating-5.5.png","Internal","Analogue/Digital","AS/NZS 62087.1:2010","ATV6667","Greenhouse and Energy Minimum Standards (Televisions) Determination 2013",55
168245,"TOSHIBA","65Z670RP","N/A","Australia","China",163.896,11478.122496000002,"LCD (LED)","0.32","0.0","0.0",105.39,"N/A","N/A",416,"Approved","2030-03-24","N/A","Single product class","Available",5.5,"5.50774202403524","https://reg.energyrating.gov.au/static/common/images/star_ratings_2014/EnergyStarRating_5.5_Star.eps","https://reg.energyrating.gov.au/static/common/images/star_ratings_2014/Star-rating-5.5.png","Internal","Analogue/Digital","AS/NZS 62087.1:2010","ATV6665","Greenhouse and Energy Minimum Standards (Televisions) Determination 2013",65
168246,"TOSHIBA","75Z670RP","N/A","Australia","China",189.34,15318.517823999999,"LCD (LED)","0.41","0.0","0.0",121.59,"N/A","N/A",489,"Approved","2030-03-24","N/A","Single product class","Available",6,"6.011546682493634","https://reg.energyrating.gov.au/static/common/images/star_ratings_2014/EnergyStarRating_6_Star.eps","https://reg.energyrating.gov.au/static/common/images/star_ratings_2014/Star-rating-6.png","Internal","Analogue/Digital","AS/NZS 62087.1:2010","ATV6664","Greenhouse and Energy Minimum Standards (Televisions) Determination 2013",75
168247,"TOSHIBA","85Z670RP","N/A","Australia","China",214.783,19712.16,"LCD (LED)","0.26","0.0","0.0",171.81,"N/A","N/A",688,"Approved","2030-03-24","N/A","Single product class","Available",5.5,"5.5676831732240135","https://reg.energyrating.gov.au/static/common/images/star_ratings_2014/EnergyStarRating_5.5_Star.eps","https://reg.energyrating.gov.au/static/common/images/star_ratings_2014/Star-rating-5.5.png","Internal","Analogue/Digital","AS/NZS 62087.1:2010","ATV6666","Greenhouse and Energy Minimum Standards (Televisions) Determination 2013",85
168380,"BAUHN","ATV75UHDT-0725","N/A","Australia","China",189.34,15318.517823999999,"LCD","0.42","130.5","0.0",130.5,"N/A","N/A",485,"Approved","2030-06-15","N/A","Single product class","Available",6,"6.0483552682180015","https://reg.energyrating.gov.au/static/common/images/star_ratings_2014/EnergyStarRating_6_Star.eps","https://reg.energyrating.gov.au/static/common/images/star_ratings_2014/Star-rating-6.png","Internal","unknown","AS/NZS 62087.1:2010","ATV6811","Greenhouse and Energy Minimum Standards (Televisions) Determination 2013",75
169038,"AIWA","AWS650WG","N/A","Australia","China",163.896,11478.122496000002,"LCD (LED)","0.35","0.0","0.0",97.1,"N/A","N/A",357,"Approved","2030-07-17","N/A","Single product class","Available",6,"6.193172893898268","https://reg.energyrating.gov.au/static/common/images/star_ratings_2014/EnergyStarRating_6_Star.eps","https://reg.energyrating.gov.au/static/common/images/star_ratings_2014/Star-rating-6.png","Internal","Analogue/Digital","AS/NZS 62087.1:2010","ATV6852","Greenhouse and Energy Minimum Standards (Televisions) Determination 2013",65
169093,"TOSHIBA","75Z770RP","N/A","Australia","China",189.34,15318.517823999999,"LCD (LED)","0.33","0.0","0.0",137.3,"N/A","N/A",548,"Approved","2030-05-14","N/A","Single product class","Available",5.5,"5.501055580231206","https://reg.energyrating.gov.au/static/common/images/star_ratings_2014/EnergyStarRating_5.5_Star.eps","https://reg.energyrating.gov.au/static/common/images/star_ratings_2014/Star-rating-5.5.png","Internal","Analogue/Digital","AS/NZS 62087.1:2010","ATV6759","Greenhouse and Energy Minimum Standards (Televisions) Determination 2013",75
169203,"LINSAR","LS24HDNFB","N/A","Australia","China",59.827,1529.038,"LCD (LED)","0.5","0.0","0.0",15.38,"N/A","N/A",59,"Approved","2030-05-12","N/A","Single product class","Available",6,"6.651375912212433","https://reg.energyrating.gov.au/static/common/images/star_ratings_2014/EnergyStarRating_6_Star.eps","https://reg.energyrating.gov.au/static/common/images/star_ratings_2014/Star-rating-6.png","Internal","Digital","AS/NZS 62087.1:2010","ATV6753","Greenhouse and Energy Minimum Standards (Televisions) Determination 2013",24
169204,"LINSAR","LS32HDNFB","N/A","Australia","China",80.043,2737.0770999999995,"LCD (LED)","0.4","0.0","0.0",15.87,"N/A","N/A",60,"Approved","2030-04-29","N/A","Single product class","Available",8,"8.51651414520261","https://reg.energyrating.gov.au/static/common/images/star_ratings_2014/EnergyStarRating_8_Star.eps","https://reg.energyrating.gov.au/static/common/images/star_ratings_2014/Star-rating-8.png","Internal","Digital","AS/NZS 62087.1:2010","ATV6728","Greenhouse and Energy Minimum Standards (Televisions) Determination 2013",32
169322,"AIWA","AWS400G2","N/A","Australia","China",100.332,4261.934154240001,"LCD (LED)","0.43","0.0","0.0",35.2,"N/A","N/A",152,"Approved","2030-05-05","N/A","Single product class","Available",5.5,"5.996206090448164","https://reg.energyrating.gov.au/static/common/images/star_ratings_2014/EnergyStarRating_5.5_Star.eps","https://reg.energyrating.gov.au/static/common/images/star_ratings_2014/Star-rating-5.5.png","Internal","Analogue/Digital","AS/NZS 62087.1:2010","ATV6732","Greenhouse and Energy Minimum Standards (Televisions) Determination 2013",40
169327,"TOSHIBA","65C350RP","N/A","Australia","China",163.896,11478.122496000002,"LCD (LED)","0.32","0.0","0.0",81.08,"N/A","N/A",321,"Approved","2030-06-18","N/A","Single product class","Available",6,"6.669523915577353","https://reg.energyrating.gov.au/static/common/images/star_ratings_2014/EnergyStarRating_6_Star.eps","https://reg.energyrating.gov.au/static/common/images/star_ratings_2014/Star-rating-6.png","Internal","Analogue/Digital","AS/NZS 62087.1:2010","ATV6818","Greenhouse and Energy Minimum Standards (Televisions) Determination 2013",65
169328,"TOSHIBA","75C350RP","N/A","Australia","China",189.34,15318.517823999999,"LCD (LED)","0.29","0.0","0.0",87.19,"N/A","N/A",345,"Approved","2030-06-18","N/A","Single product class","Available",7,"7.574747009767889","https://reg.energyrating.gov.au/static/common/images/star_ratings_2014/EnergyStarRating_7_Star.eps","https://reg.energyrating.gov.au/static/common/images/star_ratings_2014/Star-rating-7.png","Internal","Analogue/Digital","AS/NZS 62087.1:2010","ATV6817","Greenhouse and Energy Minimum Standards (Televisions) Determination 2013",75
169329,"TOSHIBA","85C350RP","N/A","Australia","China",214.783,19712.16,"LCD (LED)","0.33","0.0","0.0",155.84,"N/A","N/A",624,"Approved","2030-06-18","N/A","Single product class","Available",6,"6.005242174991583","https://reg.energyrating.gov.au/static/common/images/star_ratings_2014/EnergyStarRating_6_Star.eps","https://reg.energyrating.gov.au/static/common/images/star_ratings_2014/Star-rating-6.png","Internal","Analogue/Digital","AS/NZS 62087.1:2010","ATV6819","Greenhouse and Energy Minimum Standards (Televisions) Determination 2013",85
169483,"BAUHN","ATV50UHDT-0825","N/A","Australia","China",125.725,6751.36,"LCD (LED)","0.432","0.0","0.0",56.59,"N/A","N/A",220,"Approved","2030-07-01","N/A","Single product class","Available",6,"6.1612671006942135","https://reg.energyrating.gov.au/static/common/images/star_ratings_2014/EnergyStarRating_6_Star.eps","https://reg.energyrating.gov.au/static/common/images/star_ratings_2014/Star-rating-6.png","Internal","unknown","AS/NZS 62087.1:2010","ATV6832","Greenhouse and Energy Minimum Standards (Televisions) Determination 2013",49
169502,"HISENSE","75U6QAU PRO","75U6Q PRO series","Australia","China",189.34,15318.517823999999,"LCD (LED)","0.33","0.0","0.0",133.21,"N/A","N/A",539,"Approved","2030-05-14","N/A","Single product class","Available",5.5,"5.575266624832269","https://reg.energyrating.gov.au/static/common/images/star_ratings_2014/EnergyStarRating_5.5_Star.eps","https://reg.energyrating.gov.au/static/common/images/star_ratings_2014/Star-rating-5.5.png","Internal","Analogue/Digital","AS/NZS 62087.1:2010","ATV6767","Greenhouse and Energy Minimum Standards (Televisions) Determination 2013",75
169502,"HISENSE","75U6QNZ PRO","75U6Q PRO series","Australia","China",189.34,15318.517823999999,"LCD (LED)","0.33","0.0","0.0",133.21,"N/A","N/A",539,"Approved","2030-05-14","N/A","Single product class","Available",5.5,"5.575266624832269","https://reg.energyrating.gov.au/static/common/images/star_ratings_2014/EnergyStarRating_5.5_Star.eps","https://reg.energyrating.gov.au/static/common/images/star_ratings_2014/Star-rating-5.5.png","Internal","Analogue/Digital","AS/NZS 62087.1:2010","ATV6767","Greenhouse and Energy Minimum Standards (Televisions) Determination 2013",75
169502,"HISENSE","75U6Q PRO series","75U6Q PRO series","Australia","China",189.34,15318.517823999999,"LCD (LED)","0.33","0.0","0.0",133.21,"N/A","N/A",539,"Approved","2030-05-14","N/A","Single product class","Available",5.5,"5.575266624832269","https://reg.energyrating.gov.au/static/common/images/star_ratings_2014/EnergyStarRating_5.5_Star.eps","https://reg.energyrating.gov.au/static/common/images/star_ratings_2014/Star-rating-5.5.png","Internal","Analogue/Digital","AS/NZS 62087.1:2010","ATV6767","Greenhouse and Energy Minimum Standards (Televisions) Determination 2013",75
169820,"LINSAR","LS85UHDZEN25S","N/A","Australia","China",214.783,19712.16,"LCD (LED)","0.41","0.0","0.0",163.7,"N/A","N/A",615,"Approved","2030-08-06","N/A","Single product class","Available",6,"6.070348697126533","https://reg.energyrating.gov.au/static/common/images/star_ratings_2014/EnergyStarRating_6_Star.eps","https://reg.energyrating.gov.au/static/common/images/star_ratings_2014/Star-rating-6.png","Internal","unknown","AS/NZS 62087.1:2010","ATV6870","Greenhouse and Energy Minimum Standards (Televisions) Determination 2013",85
170151,"JVC","LT-42NQ5155AJ","N/A","Australia","China",105.415,4682.676096,"LCD (LED)","0.33","0.43","4.0",49.21,"N/A","N/A",200,"Approved","2030-07-01","N/A","Single product class","Available",5,"5.131059626662445","https://reg.energyrating.gov.au/static/common/images/star_ratings_2014/EnergyStarRating_5_Star.eps","https://reg.energyrating.gov.au/static/common/images/star_ratings_2014/Star-rating-5.png","Internal","Analogue/Digital","AS/NZS 62087.1:2010","ATV6831","Greenhouse and Energy Minimum Standards (Televisions) Determination 2013",42
170349,"TOSHIBA","50C350RP","N/A","Australia","China",125.731,6754.867344,"LCD (LED)","0.3","0.0","0.0",54.86,"N/A","N/A",228,"Approved","2030-06-18","N/A","Single product class","Available",6,"6.003308177326366","https://reg.energyrating.gov.au/static/common/images/star_ratings_2014/EnergyStarRating_6_Star.eps","https://reg.energyrating.gov.au/static/common/images/star_ratings_2014/Star-rating-6.png","Internal","Analogue/Digital","AS/NZS 62087.1:2010","ATV6820","Greenhouse and Energy Minimum Standards (Televisions) Determination 2013",50
170785,"TOSHIBA","43C350RP","N/A","Australia","China",107.986,4982.795156,"LCD (LED)","0.23","0.0","0.0",50.56,"N/A","N/A",194,"Approved","2030-08-19","N/A","Single product class","Available",5.5,"5.510696888148748","https://reg.energyrating.gov.au/static/common/images/star_ratings_2014/EnergyStarRating_5.5_Star.eps","https://reg.energyrating.gov.au/static/common/images/star_ratings_2014/Star-rating-5.5.png","Internal","Analogue/Digital","AS/NZS 62087.1:2010","ATV6889","Greenhouse and Energy Minimum Standards (Televisions) Determination 2013",43
171323,"AIWA","AWCD24DW","N/A","Australia","China",60.47,1562.462784,"LCD (LED)","0.28","0.0","0.0",23.55,"N/A","N/A",88,"Approved","2030-07-28","N/A","Single product class","Available",4.5,"4.92639819400225","https://reg.energyrating.gov.au/static/common/images/star_ratings_2014/EnergyStarRating_4.5_Star.eps","https://reg.energyrating.gov.au/static/common/images/star_ratings_2014/Star-rating-4.5.png","Internal","Analogue/Digital","AS/NZS 62087.1:2010","ATV6854","Greenhouse and Energy Minimum Standards (Televisions) Determination 2013",24
166500,"BAUHN","ATV70UHDW-0625","ATV70UHDW-****","Australia","China",176.537,13380.8032,"LCD (LED)","-","-","-",108.29,"N/A","N/A",397,"Approved","2030-01-13","N/A","Single product class","Available",6,"6.367801412715387","https://reg.energyrating.gov.au/static/common/images/star_ratings_2014/EnergyStarRating_6_Star.eps","https://reg.energyrating.gov.au/static/common/images/star_ratings_2014/Star-rating-6.png","Internal","Analogue/Digital","AS/NZS 62087.1:2010","ATV6468","Greenhouse and Energy Minimum Standards (Televisions) Determination 2013",70
166500,"BAUHN","ATV70UHDW-0325","ATV70UHDW-****","Australia","China",176.537,13380.8032,"LCD (LED)","-","-","-",108.29,"N/A","N/A",397,"Approved","2030-01-13","N/A","Single product class","Available",6,"6.367801412715387","https://reg.energyrating.gov.au/static/common/images/star_ratings_2014/EnergyStarRating_6_Star.eps","https://reg.energyrating.gov.au/static/common/images/star_ratings_2014/Star-rating-6.png","Internal","Analogue/Digital","AS/NZS 62087.1:2010","ATV6468","Greenhouse and Energy Minimum Standards (Televisions) Determination 2013",70
166500,"BAUHN","ATV70UHDW-1025","ATV70UHDW-****","Australia","China",176.537,13380.8032,"LCD (LED)","-","-","-",108.29,"N/A","N/A",397,"Approved","2030-01-13","N/A","Single product class","Available",6,"6.367801412715387","https://reg.energyrating.gov.au/static/common/images/star_ratings_2014/EnergyStarRating_6_Star.eps","https://reg.energyrating.gov.au/static/common/images/star_ratings_2014/Star-rating-6.png","Internal","Analogue/Digital","AS/NZS 62087.1:2010","ATV6468","Greenhouse and Energy Minimum Standards (Televisions) Determination 2013",70
166500,"BAUHN","ATV70UHDW-****","ATV70UHDW-****","Australia","China",176.537,13380.8032,"LCD (LED)","-","-","-",108.29,"N/A","N/A",397,"Approved","2030-01-13","N/A","Single product class","Available",6,"6.367801412715387","https://reg.energyrating.gov.au/static/common/images/star_ratings_2014/EnergyStarRating_6_Star.eps","https://reg.energyrating.gov.au/static/common/images/star_ratings_2014/Star-rating-6.png","Internal","Analogue/Digital","AS/NZS 62087.1:2010","ATV6468","Greenhouse and Energy Minimum Standards (Televisions) Determination 2013",70
171507,"TENET","T-185J201","N/A","Australia","China",47.013,944.1791999999999,"LCD (LED)","-","-","-",15.3,"N/A","N/A",58,"Approved","2030-08-05","N/A","Single product class","Available",5,"5.364387670240893","https://reg.energyrating.gov.au/static/common/images/star_ratings_2014/EnergyStarRating_5_Star.eps","https://reg.energyrating.gov.au/static/common/images/star_ratings_2014/Star-rating-5.png","Internal","Digital","AS/NZS 62087.1:2010","ATV6867","Greenhouse and Energy Minimum Standards (Televisions) Determination 2013",19
171702,"BAUHN","ATV75UHDW-0925","N/A","Australia","China",189.34,15318.517823999999,"LCD","0.31","0.0","0.0",128.89,"N/A","N/A",485,"Approved","2030-07-29","N/A","Single product class","Available",6,"6.0483552682180015","https://reg.energyrating.gov.au/static/common/images/star_ratings_2014/EnergyStarRating_6_Star.eps","https://reg.energyrating.gov.au/static/common/images/star_ratings_2014/Star-rating-6.png","Internal","Digital","AS/NZS 62087.1:2010","ATV6862","Greenhouse and Energy Minimum Standards (Televisions) Determination 2013",75
171877,"DGTEC","DG55UHDW-22858","N/A","Australia","China",138.401,8188.740000000001,"LCD","0.34","0.0","0.0",70,"N/A","N/A",270,"Approved","2030-08-07","N/A","Single product class","Available",6,"6.033938115953562","https://reg.energyrating.gov.au/static/common/images/star_ratings_2014/EnergyStarRating_6_Star.eps","https://reg.energyrating.gov.au/static/common/images/star_ratings_2014/Star-rating-6.png","Internal","Analogue/Digital","AS/NZS 62087.1:2010","ATV6872","Greenhouse and Energy Minimum Standards (Televisions) Determination 2013",54
171894,"LINSAR","LS70UHDNF23","N/A","Australia","China",176.537,13380.450588,"LCD (LED)","-","-","-",108.294,"N/A","N/A",397,"Approved","2030-08-07","N/A","Single product class","Available",6,"6.367689189980086","https://reg.energyrating.gov.au/static/common/images/star_ratings_2014/EnergyStarRating_6_Star.eps","https://reg.energyrating.gov.au/static/common/images/star_ratings_2014/Star-rating-6.png","Internal","Analogue/Digital","AS/NZS 62087.1:2010","ATV6873","Greenhouse and Energy Minimum Standards (Televisions) Determination 2013",70
171942,"AIWA","AWCD32DW","N/A","Australia","China",80.039,2736.6498,"LCD (LED)","0.36","0.0","0.0",33.5,"N/A","N/A",125,"Approved","2030-11-04","N/A","Single product class","Available",5,"5.226732802134094","https://reg.energyrating.gov.au/static/common/images/star_ratings_2014/EnergyStarRating_5_Star.eps","https://reg.energyrating.gov.au/static/common/images/star_ratings_2014/Star-rating-5.png","Internal","Analogue/Digital","AS/NZS 62087.1:2010","ATV6974","Greenhouse and Energy Minimum Standards (Televisions) Determination 2013",32
172110,"TOSHIBA","98Z670RP","N/A","Australia","China",247.695,26215.994974999998,"LCD (LED)","0.27","0.0","0.0",232.91,"N/A","N/A",920,"Approved","2030-08-11","N/A","Single product class","Unavailable",5.5,"5.504949039428159","https://reg.energyrating.gov.au/static/common/images/star_ratings_2014/EnergyStarRating_5.5_Star.eps","https://reg.energyrating.gov.au/static/common/images/star_ratings_2014/Star-rating-5.5.png","Internal","Analogue/Digital","AS/NZS 62087.1:2010","ATV6878","Greenhouse and Energy Minimum Standards (Televisions) Determination 2013",98
172435,"LOEWE","Stellar 55 DR+ OLED","N/A","Australia","Germany",138.711,8221.2,"OLED","0.4","0.7","1.0",70,"N/A","N/A",258,"Approved","2030-09-01","N/A","Single product class","Available",6,"6.254009015635187","https://reg.energyrating.gov.au/static/common/images/star_ratings_2014/EnergyStarRating_6_Star.eps","https://reg.energyrating.gov.au/static/common/images/star_ratings_2014/Star-rating-6.png","Internal","Analogue/Digital","AS/NZS 62087.1:2010","ATV6919","Greenhouse and Energy Minimum Standards (Televisions) Determination 2013",55
172436,"LOEWE","Stella 65 DR+","N/A","Australia","Germany",163.965,11489.160000000002,"OLED","0.4","0.7","1.0",85,"N/A","N/A",313,"Approved","2030-08-31","N/A","Single product class","Available",6,"6.786685432458066","https://reg.energyrating.gov.au/static/common/images/star_ratings_2014/EnergyStarRating_6_Star.eps","https://reg.energyrating.gov.au/static/common/images/star_ratings_2014/Star-rating-6.png","Internal","Analogue/Digital","AS/NZS 62087.1:2010","ATV6907","Greenhouse and Energy Minimum Standards (Televisions) Determination 2013",65
172437,"LOEWE","Inspire 48 OLED","LOEWE","Australia","Germany",120.664,6217.320000000001,"OLED","0.37","0.41","1.0",61,"N/A","N/A",225,"Approved","2030-09-02","N/A","Single product class","Available",5.5,"5.7272967610449665","https://reg.energyrating.gov.au/static/common/images/star_ratings_2014/EnergyStarRating_5.5_Star.eps","https://reg.energyrating.gov.au/static/common/images/star_ratings_2014/Star-rating-5.5.png","Internal","Analogue/Digital","AS/NZS 62087.1:2010","ATV6921","Greenhouse and Energy Minimum Standards (Televisions) Determination 2013",48
172437,"LOEWE","We SEE 48 OLED","LOEWE","Australia","Germany",120.664,6217.320000000001,"OLED","0.37","0.41","1.0",61,"N/A","N/A",225,"Approved","2030-09-02","N/A","Single product class","Available",5.5,"5.7272967610449665","https://reg.energyrating.gov.au/static/common/images/star_ratings_2014/EnergyStarRating_5.5_Star.eps","https://reg.energyrating.gov.au/static/common/images/star_ratings_2014/Star-rating-5.5.png","Internal","Analogue/Digital","AS/NZS 62087.1:2010","ATV6921","Greenhouse and Energy Minimum Standards (Televisions) Determination 2013",48
172438,"LOEWE","Inspire 55 OLED","LOEWE 55 OLED","Australia","Germany",138.711,8221.2,"OLED","0.3","0.4","1.0",76.5,"N/A","N/A",281,"Approved","2030-08-31","N/A","Single product class","Available",5.5,"5.871317766395888","https://reg.energyrating.gov.au/static/common/images/star_ratings_2014/EnergyStarRating_5.5_Star.eps","https://reg.energyrating.gov.au/static/common/images/star_ratings_2014/Star-rating-5.5.png","Internal","Analogue/Digital","AS/NZS 62087.1:2010","ATV6908","Greenhouse and Energy Minimum Standards (Televisions) Determination 2013",55
172438,"LOEWE","We SEE 55 OLED","LOEWE 55 OLED","Australia","Germany",138.711,8221.2,"OLED","0.3","0.4","1.0",76.5,"N/A","N/A",281,"Approved","2030-08-31","N/A","Single product class","Available",5.5,"5.871317766395888","https://reg.energyrating.gov.au/static/common/images/star_ratings_2014/EnergyStarRating_5.5_Star.eps","https://reg.energyrating.gov.au/static/common/images/star_ratings_2014/Star-rating-5.5.png","Internal","Analogue/Digital","AS/NZS 62087.1:2010","ATV6908","Greenhouse and Energy Minimum Standards (Televisions) Determination 2013",55
172438,"LOEWE","LOEWE 55 OLED","LOEWE 55 OLED","Australia","Germany",138.711,8221.2,"OLED","0.3","0.4","1.0",76.5,"N/A","N/A",281,"Approved","2030-08-31","N/A","Single product class","Available",5.5,"5.871317766395888","https://reg.energyrating.gov.au/static/common/images/star_ratings_2014/EnergyStarRating_5.5_Star.eps","https://reg.energyrating.gov.au/static/common/images/star_ratings_2014/Star-rating-5.5.png","Internal","Analogue/Digital","AS/NZS 62087.1:2010","ATV6908","Greenhouse and Energy Minimum Standards (Televisions) Determination 2013",55
172439,"LOEWE","Inspire 65 OLED","LOEWE 65 OLED","Australia","Germany",163.965,11489.160000000002,"OLED","0.3","0.4","1.0",98,"N/A","N/A",360,"Approved","2030-08-31","N/A","Single product class","Available",6,"6.159730989517401","https://reg.energyrating.gov.au/static/common/images/star_ratings_2014/EnergyStarRating_6_Star.eps","https://reg.energyrating.gov.au/static/common/images/star_ratings_2014/Star-rating-6.png","Internal","Analogue/Digital","AS/NZS 62087.1:2010","ATV6910","Greenhouse and Energy Minimum Standards (Televisions) Determination 2013",65
172439,"LOEWE","We SEE 65 OLED","LOEWE 65 OLED","Australia","Germany",163.965,11489.160000000002,"OLED","0.3","0.4","1.0",98,"N/A","N/A",360,"Approved","2030-08-31","N/A","Single product class","Available",6,"6.159730989517401","https://reg.energyrating.gov.au/static/common/images/star_ratings_2014/EnergyStarRating_6_Star.eps","https://reg.energyrating.gov.au/static/common/images/star_ratings_2014/Star-rating-6.png","Internal","Analogue/Digital","AS/NZS 62087.1:2010","ATV6910","Greenhouse and Energy Minimum Standards (Televisions) Determination 2013",65
172439,"LOEWE","LOEWE 65 OLED","LOEWE 65 OLED","Australia","Germany",163.965,11489.160000000002,"OLED","0.3","0.4","1.0",98,"N/A","N/A",360,"Approved","2030-08-31","N/A","Single product class","Available",6,"6.159730989517401","https://reg.energyrating.gov.au/static/common/images/star_ratings_2014/EnergyStarRating_6_Star.eps","https://reg.energyrating.gov.au/static/common/images/star_ratings_2014/Star-rating-6.png","Internal","Analogue/Digital","AS/NZS 62087.1:2010","ATV6910","Greenhouse and Energy Minimum Standards (Televisions) Determination 2013",65
172440,"LOEWE","Stellar 42 DR+ OLED","N/A","Australia","Germany",105.531,4756.400000000001,"OLED","0.4","0.7","1.0",52,"N/A","N/A",192,"Approved","2030-08-31","N/A","Single product class","Available",5,"5.374959813342991","https://reg.energyrating.gov.au/static/common/images/star_ratings_2014/EnergyStarRating_5_Star.eps","https://reg.energyrating.gov.au/static/common/images/star_ratings_2014/Star-rating-5.png","Internal","Analogue/Digital","AS/NZS 62087.1:2010","ATV6909","Greenhouse and Energy Minimum Standards (Televisions) Determination 2013",42
172441,"LOEWE","Stellar 48 DR+ OLED","N/A","Australia","Germany",120.713,6227.84,"OLED","0.4","0.7","1.0",58,"N/A","N/A",214,"Approved","2030-08-31","N/A","Single product class","Available",5.5,"5.958735139152896","https://reg.energyrating.gov.au/static/common/images/star_ratings_2014/EnergyStarRating_5.5_Star.eps","https://reg.energyrating.gov.au/static/common/images/star_ratings_2014/Star-rating-5.5.png","Internal","Analogue/Digital","AS/NZS 62087.1:2010","ATV6911","Greenhouse and Energy Minimum Standards (Televisions) Determination 2013",48
172437,"LOEWE","LOEWE","LOEWE","Australia","Germany",120.664,6217.320000000001,"OLED","0.37","0.41","1.0",61,"N/A","N/A",225,"Approved","2030-09-02","N/A","Single product class","Available",5.5,"5.7272967610449665","https://reg.energyrating.gov.au/static/common/images/star_ratings_2014/EnergyStarRating_5.5_Star.eps","https://reg.energyrating.gov.au/static/common/images/star_ratings_2014/Star-rating-5.5.png","Internal","Analogue/Digital","AS/NZS 62087.1:2010","ATV6921","Greenhouse and Energy Minimum Standards (Televisions) Determination 2013",48
172883,"BAUHN","ATV65UHDW-1125","N/A","Australia","China",163.896,11478.122496000002,"LCD","-","-","-",94.374,"N/A","N/A",357,"Approved","2030-11-05","N/A","Single product class","Available",6,"6.193172893898268","https://reg.energyrating.gov.au/static/common/images/star_ratings_2014/EnergyStarRating_6_Star.eps","https://reg.energyrating.gov.au/static/common/images/star_ratings_2014/Star-rating-6.png","Internal","Analogue/Digital","AS/NZS 62087.1:2010","ATV6976","Greenhouse and Energy Minimum Standards (Televisions) Determination 2013",65
173261,"DGTEC","DG75UHDW-23351","N/A","Australia","China",189.34,15318.517823999999,"LCD","0.31","0.0","0.0",128.89,"N/A","N/A",485,"Approved","2030-09-22","N/A","Single product class","Available",6,"6.0483552682180015","https://reg.energyrating.gov.au/static/common/images/star_ratings_2014/EnergyStarRating_6_Star.eps","https://reg.energyrating.gov.au/static/common/images/star_ratings_2014/Star-rating-6.png","Internal","Digital","AS/NZS 62087.1:2010","ATV6932","Greenhouse and Energy Minimum Standards (Televisions) Determination 2013",75
173787,"FPD","OG32-P1","****32**********","Australia","China",80.039,2736.70931232,"LCD (LED)","0.3","0.0","0.0",31.68,"N/A","N/A",130,"Approved","2030-10-26","N/A","Single product class","Available",5,"5.051045905816841","https://reg.energyrating.gov.au/static/common/images/star_ratings_2014/EnergyStarRating_5_Star.eps","https://reg.energyrating.gov.au/static/common/images/star_ratings_2014/Star-rating-5.png","Internal","Analogue/Digital","AS/NZS 62087.1:2010","ATV6960","Greenhouse and Energy Minimum Standards (Televisions) Determination 2013",32
173787,"FPD","OG32-P2","****32**********","Australia","China",80.039,2736.70931232,"LCD (LED)","0.3","0.0","0.0",31.68,"N/A","N/A",130,"Approved","2030-10-26","N/A","Single product class","Available",5,"5.051045905816841","https://reg.energyrating.gov.au/static/common/images/star_ratings_2014/EnergyStarRating_5_Star.eps","https://reg.energyrating.gov.au/static/common/images/star_ratings_2014/Star-rating-5.png","Internal","Analogue/Digital","AS/NZS 62087.1:2010","ATV6960","Greenhouse and Energy Minimum Standards (Televisions) Determination 2013",32
173787,"FPD","****32**********","****32**********","Australia","China",80.039,2736.70931232,"LCD (LED)","0.3","0.0","0.0",31.68,"N/A","N/A",130,"Approved","2030-10-26","N/A","Single product class","Available",5,"5.051045905816841","https://reg.energyrating.gov.au/static/common/images/star_ratings_2014/EnergyStarRating_5_Star.eps","https://reg.energyrating.gov.au/static/common/images/star_ratings_2014/Star-rating-5.png","Internal","Analogue/Digital","AS/NZS 62087.1:2010","ATV6960","Greenhouse and Energy Minimum Standards (Televisions) Determination 2013",32
173867,"BAUHN","ATV49FHDT-0126","N/A","Australia","China",125.774,6762.32,"LCD","0.395","0.0","0.0",52.6,"N/A","N/A",195,"Approved","2030-12-08","N/A","Single product class","Available",6,"6.708438262575533","https://reg.energyrating.gov.au/static/common/images/star_ratings_2014/EnergyStarRating_6_Star.eps","https://reg.energyrating.gov.au/static/common/images/star_ratings_2014/Star-rating-6.png","Internal","Analogue/Digital","AS/NZS 62087.1:2010","ATV7015","Greenhouse and Energy Minimum Standards (Televisions) Determination 2013",50
174057,"DGTEC","DG70UHDW-23353","N/A","Australia","China",176.537,13380.8032,"LCD (LED)","-","-","-",108.29,"N/A","N/A",397,"Approved","2030-10-27","N/A","Single product class","Available",6,"6.367801412715387","https://reg.energyrating.gov.au/static/common/images/star_ratings_2014/EnergyStarRating_6_Star.eps","https://reg.energyrating.gov.au/static/common/images/star_ratings_2014/Star-rating-6.png","Internal","Analogue/Digital","AS/NZS 62087.1:2010","ATV6967","Greenhouse and Energy Minimum Standards (Televisions) Determination 2013",70
174141,"ALTIUS","AT24HDNFB","N/A","Australia","China",59.827,1529.038,"LCD (LED)","0.5","0.0","0.0",15.38,"N/A","N/A",59,"Approved","2030-10-30","N/A","Single product class","Available",6,"6.651375912212433","https://reg.energyrating.gov.au/static/common/images/star_ratings_2014/EnergyStarRating_6_Star.eps","https://reg.energyrating.gov.au/static/common/images/star_ratings_2014/Star-rating-6.png","Internal","Digital","AS/NZS 62087.1:2010","ATV6970","Greenhouse and Energy Minimum Standards (Televisions) Determination 2013",24
174258,"AKAI","AK50UHDZEN","N/A","Australia","China",125.725,6751.36,"LCD (LED)","0.432","0.0","0.0",56.59,"N/A","N/A",220,"Approved","2030-11-04","N/A","Single product class","Available",6,"6.1612671006942135","https://reg.energyrating.gov.au/static/common/images/star_ratings_2014/EnergyStarRating_6_Star.eps","https://reg.energyrating.gov.au/static/common/images/star_ratings_2014/Star-rating-6.png","Internal","unknown","AS/NZS 62087.1:2010","ATV6972","Greenhouse and Energy Minimum Standards (Televisions) Determination 2013",49
174307,"AIWA","AWS500WN","N/A","Australia","China",125.731,6754.867344,"LCD (LED)","0.37","0.0","0.0",58.95,"N/A","N/A",218,"Approved","2030-12-07","N/A","Single product class","Available",6,"6.204302406831108","https://reg.energyrating.gov.au/static/common/images/star_ratings_2014/EnergyStarRating_6_Star.eps","https://reg.energyrating.gov.au/static/common/images/star_ratings_2014/Star-rating-6.png","Internal","Analogue/Digital","AS/NZS 62087.1:2010","ATV7012","Greenhouse and Energy Minimum Standards (Televisions) Determination 2013",50
174310,"AIWA","AWS55DW","N/A","Australia","China",138.783,8230.118400000001,"LCD (LED)","0.32","0.0","0.0",90.11,"N/A","N/A",332,"Approved","2030-12-07","N/A","Single product class","Available",5,"5.1283827912446815","https://reg.energyrating.gov.au/static/common/images/star_ratings_2014/EnergyStarRating_5_Star.eps","https://reg.energyrating.gov.au/static/common/images/star_ratings_2014/Star-rating-5.png","Internal","Analogue/Digital","AS/NZS 62087.1:2010","ATV7013","Greenhouse and Energy Minimum Standards (Televisions) Determination 2013",55
174315,"AIWA","AWS650QWG","N/A","Australia","China",163.896,11478.122496000002,"LCD (LED)","0.39","0.0","0.0",92.39,"N/A","N/A",340,"Approved","2030-12-07","N/A","Single product class","Available",6,"6.4118221171542435","https://reg.energyrating.gov.au/static/common/images/star_ratings_2014/EnergyStarRating_6_Star.eps","https://reg.energyrating.gov.au/static/common/images/star_ratings_2014/Star-rating-6.png","Internal","Analogue/Digital","AS/NZS 62087.1:2010","ATV7014","Greenhouse and Energy Minimum Standards (Televisions) Determination 2013",65
175205,"AIWA","AWS700WS","N/A","Australia","China",176.528,13469.952384,"LCD (LED)","0.34","0.0","0.0",149.6,"N/A","N/A",548,"Approved","2030-12-08","N/A","Single product class","Available",4.5,"4.951547843611241","https://reg.energyrating.gov.au/static/common/images/star_ratings_2014/EnergyStarRating_4.5_Star.eps","https://reg.energyrating.gov.au/static/common/images/star_ratings_2014/Star-rating-4.5.png","Internal","Analogue/Digital","AS/NZS 62087.1:2010","ATV7017","Greenhouse and Energy Minimum Standards (Televisions) Determination 2013",69
175207,"JVC","LT-70NQ7165A","N/A","Australia","China",176.539,13385.2,"LCD (LED)","0.37","0.0","0.0",136.3,"N/A","N/A",550,"Approved","2030-12-08","N/A","Single product class","Available",4.5,"4.908338226041787","https://reg.energyrating.gov.au/static/common/images/star_ratings_2014/EnergyStarRating_4.5_Star.eps","https://reg.energyrating.gov.au/static/common/images/star_ratings_2014/Star-rating-4.5.png","Internal","Analogue/Digital","AS/NZS 62087.1:2010","ATV7018","Greenhouse and Energy Minimum Standards (Televisions) Determination 2013",70
175208,"AIWA","AWS60DG","N/A","Australia","China",152.661,9958.443264,"LCD (LED)","0.3","0.0","0.0",102,"N/A","N/A",404,"Approved","2030-12-08","N/A","Single product class","Available",5,"5.041608955141751","https://reg.energyrating.gov.au/static/common/images/star_ratings_2014/EnergyStarRating_5_Star.eps","https://reg.energyrating.gov.au/static/common/images/star_ratings_2014/Star-rating-5.png","Internal","Analogue/Digital","AS/NZS 62087.1:2010","ATV7019","Greenhouse and Energy Minimum Standards (Televisions) Determination 2013",60
175627,"BAUHN","ATV24HDTB-0226","N/A","Australia","China",59.809,1528.497216,"LCD","0.4237","0.0","0.0",17.9,"N/A","N/A",68,"Approved","2031-02-01","N/A","Single product class","Available",6,"6.014060320526477","https://reg.energyrating.gov.au/static/common/images/star_ratings_2014/EnergyStarRating_6_Star.eps","https://reg.energyrating.gov.au/static/common/images/star_ratings_2014/Star-rating-6.png","Internal","Analogue/Digital","AS/NZS 62087.1:2010","ATV7203","Greenhouse and Energy Minimum Standards (Televisions) Determination 2013",24
176764,"AIWA","AWB757DW","N/A","Australia","China",189.34,15318.517823999999,"LCD","0.32","0.0","0.0",140.14,"N/A","N/A",514,"Approved","2031-02-05","N/A","Single product class","Available",5.5,"5.7880995979301915","https://reg.energyrating.gov.au/static/common/images/star_ratings_2014/EnergyStarRating_5.5_Star.eps","https://reg.energyrating.gov.au/static/common/images/star_ratings_2014/Star-rating-5.5.png","Internal","Digital","AS/NZS 62087.1:2010","ATV7234","Greenhouse and Energy Minimum Standards (Televisions) Determination 2013",75
176765,"AIWA","AWB243DH","N/A","Australia","China",59.824,1528.845746,"LCD","0.38","0.0","0.0",23.45,"N/A","N/A",97,"Approved","2031-02-05","N/A","Single product class","Available",4,"4.422945949865571","https://reg.energyrating.gov.au/static/common/images/star_ratings_2014/EnergyStarRating_4_Star.eps","https://reg.energyrating.gov.au/static/common/images/star_ratings_2014/Star-rating-4.png","Internal","Digital","AS/NZS 62087.1:2010","ATV7237","Greenhouse and Energy Minimum Standards (Televisions) Determination 2013",24
177119,"BAUHN","ATV55UHDW-0426","N/A","Australia","China",138.401,8188.740000000001,"LCD","0.47","0.0","0.0",71.6,"N/A","N/A",270,"Approved","2031-02-19","N/A","Single product class","Available",6,"6.033938115953562","https://reg.energyrating.gov.au/static/common/images/star_ratings_2014/EnergyStarRating_6_Star.eps","https://reg.energyrating.gov.au/static/common/images/star_ratings_2014/Star-rating-6.png","Internal","Analogue/Digital","AS/NZS 62087.1:2010","ATV7278","Greenhouse and Energy Minimum Standards (Televisions) Determination 2013",54
177829,"AIWA","AWB657QW","N/A","Australia","China",163.896,11478.122496000002,"LCD (LED)","-","-","-",106.434,"N/A","N/A",391,"Approved","2031-03-13","N/A","Single product class","Available",5.5,"5.785490136901949","https://reg.energyrating.gov.au/static/common/images/star_ratings_2014/EnergyStarRating_5.5_Star.eps","https://reg.energyrating.gov.au/static/common/images/star_ratings_2014/Star-rating-5.5.png","Internal","Digital","AS/NZS 62087.1:2010","ATV7296","Greenhouse and Energy Minimum Standards (Televisions) Determination 2013",65
177907,"BAUHN","ATV50UHDW-0326","N/A","Australia","China",125.727,6754.5112,"LCD","-","-","-",61.7,"N/A","N/A",227,"Approved","2031-03-15","N/A","Single product class","Available",6,"6.022792670661913","https://reg.energyrating.gov.au/static/common/images/star_ratings_2014/EnergyStarRating_6_Star.eps","https://reg.energyrating.gov.au/static/common/images/star_ratings_2014/Star-rating-6.png","Internal","Analogue/Digital","AS/NZS 62087.1:2010","ATV7297","Greenhouse and Energy Minimum Standards (Televisions) Determination 2013",49
177908,"BAUHN","ATV70UHDW-0326","N/A","Australia","China",176.541,13381.265147999999,"LCD","-","-","-",108.3,"N/A","N/A",397,"Approved","2031-03-16","N/A","Single product class","Available",6,"6.367948428610225","https://reg.energyrating.gov.au/static/common/images/star_ratings_2014/EnergyStarRating_6_Star.eps","https://reg.energyrating.gov.au/static/common/images/star_ratings_2014/Star-rating-6.png","Internal","Analogue/Digital","AS/NZS 62087.1:2010","ATV7298","Greenhouse and Energy Minimum Standards (Televisions) Determination 2013",70
